-- ==============================================================
-- SisTEA Migration - Part 2: Business Data
-- Generated on: 2026-05-22T22:17:35.004Z
-- ==============================================================

SET session_replication_role = 'replica';

-- Table: public.clinics (2 rows)
INSERT INTO public.clinics (id, name, active, created_at, cnpj, corporate_name, address, phone, email, cnes, closing_day, competence_end_day, competence_deadline_day, latitude, longitude, orgao_emissor) VALUES ('e91febef-a914-40d5-a3c6-f43d35333cab', 'INFANTY KIDS TERAPIAS ESPECIALIZADAS', true, '2026-03-13T14:22:30.206423+00:00', '19863931000141', 'INFANTY KIDS TERAPIAS ESPECIALIZADAS', '', '', NULL, '7467192', 25, 24, 3, -5.371538, -49.117335, '');
INSERT INTO public.clinics (id, name, active, created_at, cnpj, corporate_name, address, phone, email, cnes, closing_day, competence_end_day, competence_deadline_day, latitude, longitude, orgao_emissor) VALUES ('e18f78d8-e7e3-4d04-b842-63d1bc1b9e5e', 'COMUNICARE CENTRO MULTIDICIPLINAR DE SERVIÇOS DE SAUDE', true, '2026-03-13T00:57:18.193341+00:00', '51352873000102', 'COMUNICARE CENTRO MULTIDICIPLINAR DE SERVIÇOS DE SAUDE LTDA', 'Av. Minas Gerais - Belo Horizonte, Marabá - PA', '(94)99218-6898', 'contato@comunicare.com.br', '4352440', 25, 24, 3, -5.362346, -49.115798, '');

-- Table: public.specialties (196 rows)
INSERT INTO public.specialties (id, name, cbo, created_at, active) VALUES ('25db58dd-613d-409d-ac58-ecf8536656da', 'FONOAUDIOLOGO', '223810', '2026-03-13T01:25:42.934343+00:00', true);
INSERT INTO public.specialties (id, name, cbo, created_at, active) VALUES ('69ed8b00-7e7a-4814-bb93-7210bbf696ac', 'TERAPEUTA OCUPACIONAL', '223905', '2026-03-13T11:45:36.612456+00:00', true);
INSERT INTO public.specialties (id, name, cbo, created_at, active) VALUES ('0d41ec5c-3550-4d31-8c26-3cc624ffba43', 'PSICOLOGO CLINICO', '251510', '2026-03-13T14:44:51.420729+00:00', true);
INSERT INTO public.specialties (id, name, cbo, created_at, active) VALUES ('f03823ea-f087-4455-b47a-b76f1e592758', 'PSICOMOTRICISTA', '223915', '2026-03-13T14:45:23.047746+00:00', true);
INSERT INTO public.specialties (id, name, cbo, created_at, active) VALUES ('663b90be-cce6-4bc0-9c3f-b06ec9ea384d', 'PEDAGOGO', '239415', '2026-03-13T14:45:57.629376+00:00', true);
INSERT INTO public.specialties (id, name, cbo, created_at, active) VALUES ('a3cdc3b5-b49a-4def-bfa4-081520e82fdc', 'PSICOPEDAGOGO', '239425', '2026-03-13T14:46:28.897286+00:00', true);
INSERT INTO public.specialties (id, name, cbo, created_at, active) VALUES ('9a46643b-6c02-4cb8-8b23-966b844dcb56', 'NEUROPSICOLOGO', '251545', '2026-03-13T14:48:15.562965+00:00', true);
INSERT INTO public.specialties (id, name, cbo, created_at, active) VALUES ('e8dcdb6a-cbae-4748-b65e-3de597730888', 'MEDICO NEUROLOGISTA', '225112', '2026-03-13T14:48:50.180691+00:00', true);
INSERT INTO public.specialties (id, name, cbo, created_at, active) VALUES ('0a3eb4c0-e15c-4d90-ac3e-41f96a04d0af', 'MUSICOTERAPEUTA', '226305', '2026-03-13T14:49:37.352113+00:00', true);
INSERT INTO public.specialties (id, name, cbo, created_at, active) VALUES ('a3d57f66-d6af-4deb-9495-3479ac15bafa', 'ASSISTENTE SOCIAL', '251605', '2026-03-13T14:50:29.859705+00:00', true);
INSERT INTO public.specialties (id, name, cbo, created_at, active) VALUES ('1ef055ce-2e68-4245-8535-3a79fb9745d0', 'NUTRICIONISTA', '223710', '2026-03-13T14:50:47.13745+00:00', true);
INSERT INTO public.specialties (id, name, cbo, created_at, active) VALUES ('176af217-1bd4-44ca-b040-f2a6da8da4da', 'FISIOTERAPEUTA', '223605', '2026-03-13T19:45:45.022434+00:00', true);
INSERT INTO public.specialties (id, name, cbo, created_at, active) VALUES ('e3701e33-8c45-4a99-a368-d0aff43eee4b', 'NEUROPSICOPEDAGOGO', '239440', '2026-03-13T21:04:14.238171+00:00', true);
INSERT INTO public.specialties (id, name, cbo, created_at, active) VALUES ('954fd47a-da24-4e4d-9741-b08f7b99baad', 'Médico broncoesofalogista', '2231A1', '2026-05-16T00:19:13.18877+00:00', true);
INSERT INTO public.specialties (id, name, cbo, created_at, active) VALUES ('4b1776b9-bf0e-4eaf-b6a0-63f6d59e2f4f', 'Médico residente', '2231F9', '2026-05-16T00:19:13.18877+00:00', true);
INSERT INTO public.specialties (id, name, cbo, created_at, active) VALUES ('2e5ff3b2-09e3-4f9a-9b9e-2c8e72658bfc', 'Médico infectologista', '225103', '2026-05-16T00:19:13.18877+00:00', true);
INSERT INTO public.specialties (id, name, cbo, created_at, active) VALUES ('8ecbde30-b2bc-4fce-bc8c-f4f61b74e6fb', 'Médico acupunturista', '225105', '2026-05-16T00:19:13.18877+00:00', true);
INSERT INTO public.specialties (id, name, cbo, created_at, active) VALUES ('44553135-0317-4403-a580-f1af27fd1301', 'Médico nefrologista', '225109', '2026-05-16T00:19:13.18877+00:00', true);
INSERT INTO public.specialties (id, name, cbo, created_at, active) VALUES ('5e0716aa-f5b5-4f22-8d44-fb7a283f148c', 'Médico alergista e imunologista', '225110', '2026-05-16T00:19:13.18877+00:00', true);
INSERT INTO public.specialties (id, name, cbo, created_at, active) VALUES ('eaedbe6c-f66e-4caa-8d5f-76ec06c21a12', 'Médico angiologista', '225115', '2026-05-16T00:19:13.18877+00:00', true);
INSERT INTO public.specialties (id, name, cbo, created_at, active) VALUES ('a4d36625-781f-45ab-9a8d-be131ec5ac83', 'Médico nutrologista', '225118', '2026-05-16T00:19:13.18877+00:00', true);
INSERT INTO public.specialties (id, name, cbo, created_at, active) VALUES ('a3d9abaa-0037-4219-9809-e3bb3273188d', 'Médico cardiologista', '225120', '2026-05-16T00:19:13.18877+00:00', true);
INSERT INTO public.specialties (id, name, cbo, created_at, active) VALUES ('a13f0965-2291-4c31-9446-d31dc321e56e', 'Médico oncologista clínico', '225121', '2026-05-16T00:19:13.18877+00:00', true);
INSERT INTO public.specialties (id, name, cbo, created_at, active) VALUES ('3902bcc1-e734-4517-862e-332ade45bf33', 'Médico cancerologista pediátrico', '225122', '2026-05-16T00:19:13.18877+00:00', true);
INSERT INTO public.specialties (id, name, cbo, created_at, active) VALUES ('9d6d3377-efbd-4d6c-8955-b95477eb87f7', 'Médico pediatra', '225124', '2026-05-16T00:19:13.18877+00:00', true);
INSERT INTO public.specialties (id, name, cbo, created_at, active) VALUES ('2a52e986-3d38-4bab-a6d0-bcc843c34b12', 'Médico clínico', '225125', '2026-05-16T00:19:13.18877+00:00', true);
INSERT INTO public.specialties (id, name, cbo, created_at, active) VALUES ('4c0313a4-d71f-494a-a8db-b69e2da458fd', 'Médico pneumologista', '225127', '2026-05-16T00:19:13.18877+00:00', true);
INSERT INTO public.specialties (id, name, cbo, created_at, active) VALUES ('262b73ab-b1f5-47a9-b0f9-4996b5a38397', 'Médico de família e comunidade', '225130', '2026-05-16T00:19:13.18877+00:00', true);
INSERT INTO public.specialties (id, name, cbo, created_at, active) VALUES ('0fa8dda8-afb5-4cbe-a833-0fcc13f6f1d7', 'Médico psiquiatra', '225133', '2026-05-16T00:19:13.18877+00:00', true);
INSERT INTO public.specialties (id, name, cbo, created_at, active) VALUES ('da58aba7-0cd7-4a8b-b518-1f558ef4587b', 'Médico dermatologista', '225135', '2026-05-16T00:19:13.18877+00:00', true);
INSERT INTO public.specialties (id, name, cbo, created_at, active) VALUES ('3d772dd2-4d82-47cb-9bea-be407848bef2', 'Médico reumatologista', '225136', '2026-05-16T00:19:13.18877+00:00', true);
INSERT INTO public.specialties (id, name, cbo, created_at, active) VALUES ('76146f50-69bf-4ed9-bd99-c8ae2d61e1ea', 'Médico anestesiologista', '225151', '2026-05-16T00:19:13.18877+00:00', true);
INSERT INTO public.specialties (id, name, cbo, created_at, active) VALUES ('a5e3c380-0552-4718-bf13-7f9d34ce0f0f', 'Médico Antroposófico', '225154', '2026-05-16T00:19:13.18877+00:00', true);
INSERT INTO public.specialties (id, name, cbo, created_at, active) VALUES ('5dd4e8b9-9325-491c-b58b-1cbefc0214bc', 'Médico endocrinologista e metabologista', '225155', '2026-05-16T00:19:13.18877+00:00', true);
INSERT INTO public.specialties (id, name, cbo, created_at, active) VALUES ('36f4661a-fd12-4096-9cb4-5788ccfc8649', 'Médico fisiatra', '225160', '2026-05-16T00:19:13.18877+00:00', true);
INSERT INTO public.specialties (id, name, cbo, created_at, active) VALUES ('273d503e-4e21-4a6e-985f-d431505417c4', 'Médico gastroenterologista', '225165', '2026-05-16T00:19:13.18877+00:00', true);
INSERT INTO public.specialties (id, name, cbo, created_at, active) VALUES ('b3bccce8-f7d7-461f-9a41-9ce63ed947ac', 'Médico generalista', '225170', '2026-05-16T00:19:13.18877+00:00', true);
INSERT INTO public.specialties (id, name, cbo, created_at, active) VALUES ('37df7541-274e-4e3c-a178-d2b99b706aa6', 'Médico geneticista', '225175', '2026-05-16T00:19:13.18877+00:00', true);
INSERT INTO public.specialties (id, name, cbo, created_at, active) VALUES ('40f9145b-cc40-4d0e-8898-a31cec0429c5', 'Médico geriatra', '225180', '2026-05-16T00:19:13.18877+00:00', true);
INSERT INTO public.specialties (id, name, cbo, created_at, active) VALUES ('5018faed-d501-4765-8370-c12c48ec32c1', 'Médico hematologista', '225185', '2026-05-16T00:19:13.18877+00:00', true);
INSERT INTO public.specialties (id, name, cbo, created_at, active) VALUES ('cff1ad5b-5e43-4c98-a87d-a3842997249d', 'Médico homeopata', '225195', '2026-05-16T00:19:13.18877+00:00', true);
INSERT INTO public.specialties (id, name, cbo, created_at, active) VALUES ('f2c99ec3-407d-4927-8668-19cef546d7d8', 'Médico em cirurgia vascular', '225203', '2026-05-16T00:19:13.18877+00:00', true);
INSERT INTO public.specialties (id, name, cbo, created_at, active) VALUES ('a2aa59cb-334a-4f12-8a32-85af6885fe06', 'Médico cirurgião cardiovascular', '225210', '2026-05-16T00:19:13.18877+00:00', true);
INSERT INTO public.specialties (id, name, cbo, created_at, active) VALUES ('f80cb45a-8a29-4edd-acb0-9c31ba16f924', 'Médico cirurgião de cabeça e pescoço', '225215', '2026-05-16T00:19:13.18877+00:00', true);
INSERT INTO public.specialties (id, name, cbo, created_at, active) VALUES ('f10b32d9-0402-4031-9708-549533667d84', 'Médico cirurgião do aparelho digestivo', '225220', '2026-05-16T00:19:13.18877+00:00', true);
INSERT INTO public.specialties (id, name, cbo, created_at, active) VALUES ('b49abfe7-5416-4f00-a0b5-039798850727', 'Médico cirurgião geral', '225225', '2026-05-16T00:19:13.18877+00:00', true);
INSERT INTO public.specialties (id, name, cbo, created_at, active) VALUES ('f876fbb2-9f20-4243-898e-787a5bb6c8a6', 'Médico cirurgião pediátrico', '225230', '2026-05-16T00:19:13.18877+00:00', true);
INSERT INTO public.specialties (id, name, cbo, created_at, active) VALUES ('facaf835-44f4-4cb4-861c-c748bb29d138', 'Médico cirurgião plástico', '225235', '2026-05-16T00:19:13.18877+00:00', true);
INSERT INTO public.specialties (id, name, cbo, created_at, active) VALUES ('2bf49e47-6648-4f2f-bd0f-e54172409e54', 'Médico cirurgião torácico', '225240', '2026-05-16T00:19:13.18877+00:00', true);
INSERT INTO public.specialties (id, name, cbo, created_at, active) VALUES ('d9fddd2b-24f9-4ec7-a9bb-c8b886a9afe8', 'Médico ginecologista e obstetra', '225250', '2026-05-16T00:19:13.18877+00:00', true);
INSERT INTO public.specialties (id, name, cbo, created_at, active) VALUES ('6ada7932-5714-499f-8f51-993ae03bac23', 'Médico mastologista', '225255', '2026-05-16T00:19:13.18877+00:00', true);
INSERT INTO public.specialties (id, name, cbo, created_at, active) VALUES ('0fdb5e5d-0171-4858-81ee-e3f68ee38feb', 'Médico neurocirurgião', '225260', '2026-05-16T00:19:13.18877+00:00', true);
INSERT INTO public.specialties (id, name, cbo, created_at, active) VALUES ('b7913cb1-27bb-4b9a-8f43-905c5e98d229', 'Médico oftalmologista', '225265', '2026-05-16T00:19:13.18877+00:00', true);
INSERT INTO public.specialties (id, name, cbo, created_at, active) VALUES ('ffa8f56c-33b6-42b1-a7ab-440328c67cd1', 'Médico ortopedista e traumatologista', '225270', '2026-05-16T00:19:13.18877+00:00', true);
INSERT INTO public.specialties (id, name, cbo, created_at, active) VALUES ('a8f6981a-67cf-4459-a06f-96b623bbdce2', 'Médico otorrinolaringologista', '225275', '2026-05-16T00:19:13.18877+00:00', true);
INSERT INTO public.specialties (id, name, cbo, created_at, active) VALUES ('86cefb35-4343-478f-8fd1-374c141d43ab', 'Médico coloproctologista', '225280', '2026-05-16T00:19:13.18877+00:00', true);
INSERT INTO public.specialties (id, name, cbo, created_at, active) VALUES ('e8984540-37dc-4bb7-9963-78dd8bd50782', 'Médico urologista', '225285', '2026-05-16T00:19:13.18877+00:00', true);
INSERT INTO public.specialties (id, name, cbo, created_at, active) VALUES ('749421b1-752f-4a77-9685-f8997b967645', 'Médico cancerologista cirurgíco', '225290', '2026-05-16T00:19:13.18877+00:00', true);
INSERT INTO public.specialties (id, name, cbo, created_at, active) VALUES ('c7620064-3e86-4c02-8a03-f5d281b7be79', 'Médico em medicina nuclear', '225315', '2026-05-16T00:19:13.18877+00:00', true);
INSERT INTO public.specialties (id, name, cbo, created_at, active) VALUES ('4f9f3063-cef3-4aef-96ee-1c0a3bd98f4d', 'Médico radioterapeuta', '225330', '2026-05-16T00:19:13.18877+00:00', true);
INSERT INTO public.specialties (id, name, cbo, created_at, active) VALUES ('cad6e75b-8975-4df1-9d1e-297342539ce3', 'Médico hemoterapeuta', '225340', '2026-05-16T00:19:13.18877+00:00', true);
INSERT INTO public.specialties (id, name, cbo, created_at, active) VALUES ('e8f5f591-c17f-4b09-ae87-feaa7380ee0a', 'Médico neurofisiologista clínico', '225350', '2026-05-16T00:19:13.18877+00:00', true);
INSERT INTO public.specialties (id, name, cbo, created_at, active) VALUES ('71081872-d2d2-4ea5-8d81-00af2944a563', 'Médicos Clínicos', '2251', '2026-05-16T00:22:42.972285+00:00', true);
INSERT INTO public.specialties (id, name, cbo, created_at, active) VALUES ('3337ab2d-3f6f-4e74-a89d-686fe892a350', 'Médicos em Especialidades Cirúrgicas', '2252', '2026-05-16T00:22:42.972285+00:00', true);
INSERT INTO public.specialties (id, name, cbo, created_at, active) VALUES ('bafa3fd0-5469-4998-8658-038d2e0d6096', 'Médicos em Medicina Diagnóstica e Terapêutica', '2253', '2026-05-16T00:22:42.972285+00:00', true);
INSERT INTO public.specialties (id, name, cbo, created_at, active) VALUES ('e809ca79-af67-4433-9605-fcaa17c732a6', 'Cirurgião dentista - clínico geral', '223208', '2026-05-16T00:23:32.108575+00:00', true);
INSERT INTO public.specialties (id, name, cbo, created_at, active) VALUES ('d791162b-082a-4964-bfea-f6d67ce8dfc8', 'Cirurgião dentista - endodontista', '223212', '2026-05-16T00:23:32.108575+00:00', true);
INSERT INTO public.specialties (id, name, cbo, created_at, active) VALUES ('d6552819-dd5c-42a0-b225-619ee93a843e', 'Cirurgião dentista - estomatologista', '223220', '2026-05-16T00:23:32.108575+00:00', true);
INSERT INTO public.specialties (id, name, cbo, created_at, active) VALUES ('811ffd9a-5941-4438-a658-8069e260285b', 'Cirurgião dentista - implantodontista', '223224', '2026-05-16T00:23:32.108575+00:00', true);
INSERT INTO public.specialties (id, name, cbo, created_at, active) VALUES ('c26bdcb7-0a1b-4e43-a7f5-f0f7364e1fcd', 'Cirurgião dentista - odontogeriatra', '223228', '2026-05-16T00:23:32.108575+00:00', true);
INSERT INTO public.specialties (id, name, cbo, created_at, active) VALUES ('f108f2d8-3718-40fb-a2b4-16dff40a1fe0', 'Cirurgião dentista - odontologista legal', '223232', '2026-05-16T00:23:32.108575+00:00', true);
INSERT INTO public.specialties (id, name, cbo, created_at, active) VALUES ('e1c09aac-b574-471f-acec-98ac9f7ab283', 'Cirurgião dentista - odontopediatra', '223236', '2026-05-16T00:23:32.108575+00:00', true);
INSERT INTO public.specialties (id, name, cbo, created_at, active) VALUES ('0fb68020-08ed-472a-b282-9ccab9530c90', 'Cirurgião dentista - ortopedista e ortodontista', '223240', '2026-05-16T00:23:32.108575+00:00', true);
INSERT INTO public.specialties (id, name, cbo, created_at, active) VALUES ('8bd35f9e-a716-4411-8f00-8ca5c4728a36', 'Cirurgião dentista - patologista bucal', '223244', '2026-05-16T00:23:32.108575+00:00', true);
INSERT INTO public.specialties (id, name, cbo, created_at, active) VALUES ('1c2e8fd3-2a97-46d0-9f4c-5e2680952690', 'Cirurgião dentista - periodontista', '223248', '2026-05-16T00:23:32.108575+00:00', true);
INSERT INTO public.specialties (id, name, cbo, created_at, active) VALUES ('28913e4d-4c5b-4b38-a519-36ddd577c305', 'Cirurgião dentista - protesiólogo bucomaxilofacial', '223252', '2026-05-16T00:23:32.108575+00:00', true);
INSERT INTO public.specialties (id, name, cbo, created_at, active) VALUES ('ae98b61a-502e-4528-adbc-4ca23b4dacde', 'Cirurgião dentista - protesista', '223256', '2026-05-16T00:23:32.108575+00:00', true);
INSERT INTO public.specialties (id, name, cbo, created_at, active) VALUES ('7681b2e1-7781-42e0-909b-79444fbd5d41', 'Cirurgião dentista - reabilitador oral', '223264', '2026-05-16T00:23:32.108575+00:00', true);
INSERT INTO public.specialties (id, name, cbo, created_at, active) VALUES ('0cb2d5d1-1472-4628-9cc0-abe51f075386', 'Cirurgião dentista - traumatologista bucomaxilofacial', '223268', '2026-05-16T00:23:32.108575+00:00', true);
INSERT INTO public.specialties (id, name, cbo, created_at, active) VALUES ('4c31b1d8-6ded-4cbf-a4b8-fca270aaabeb', 'Cirurgião dentista - odontologia do trabalho', '223276', '2026-05-16T00:23:32.108575+00:00', true);
INSERT INTO public.specialties (id, name, cbo, created_at, active) VALUES ('9e7b1b58-6da9-42f2-b200-8690ac58aa71', 'Cirurgião dentista - odontologia para pacientes com necessidades especiais', '223288', '2026-05-16T00:23:32.108575+00:00', true);
INSERT INTO public.specialties (id, name, cbo, created_at, active) VALUES ('e561f122-19f9-4852-8392-83bc34441dde', 'Farmacêutico', '223405', '2026-05-16T00:23:32.108575+00:00', true);
INSERT INTO public.specialties (id, name, cbo, created_at, active) VALUES ('9db7d5d0-b1de-4f05-945e-d8f8a63b7b63', 'Farmacêutico analista clínico', '223415', '2026-05-16T00:23:32.108575+00:00', true);
INSERT INTO public.specialties (id, name, cbo, created_at, active) VALUES ('335bf8e2-74a8-4405-907d-a38f10aed6b6', 'Farmacêutico hospitalar e clínico', '223445', '2026-05-16T00:23:32.108575+00:00', true);
INSERT INTO public.specialties (id, name, cbo, created_at, active) VALUES ('0119e3b5-8498-4c50-a323-6c264fb445d7', 'Enfermeiro', '223505', '2026-05-16T00:23:32.108575+00:00', true);
INSERT INTO public.specialties (id, name, cbo, created_at, active) VALUES ('5044814c-67bb-4c14-85b3-ab331d517988', 'Enfermeiro de centro cirúrgico', '223520', '2026-05-16T00:23:32.108575+00:00', true);
INSERT INTO public.specialties (id, name, cbo, created_at, active) VALUES ('8c77de7d-12d4-4903-8ed2-ba988d68a5a7', 'Enfermeiro de terapia intensiva', '223525', '2026-05-16T00:23:32.108575+00:00', true);
INSERT INTO public.specialties (id, name, cbo, created_at, active) VALUES ('245426c3-26de-47d9-bf41-191d88e5fb19', 'Enfermeiro do trabalho', '223530', '2026-05-16T00:23:32.108575+00:00', true);
INSERT INTO public.specialties (id, name, cbo, created_at, active) VALUES ('6acbae1d-9aaa-43aa-8989-187c37b6de94', 'Enfermeiro nefrologista', '223535', '2026-05-16T00:23:32.108575+00:00', true);
INSERT INTO public.specialties (id, name, cbo, created_at, active) VALUES ('af0aefee-c706-49b2-a660-e7623a567863', 'Enfermeiro neonatologista', '223540', '2026-05-16T00:23:32.108575+00:00', true);
INSERT INTO public.specialties (id, name, cbo, created_at, active) VALUES ('fe4e6e3f-424d-43ae-9bfb-e87b36d7bd49', 'Enfermeiro obstétrico', '223545', '2026-05-16T00:23:32.108575+00:00', true);
INSERT INTO public.specialties (id, name, cbo, created_at, active) VALUES ('0701415a-3f22-4ead-aa68-360b89811161', 'Enfermeiro psiquiátrico', '223550', '2026-05-16T00:23:32.108575+00:00', true);
INSERT INTO public.specialties (id, name, cbo, created_at, active) VALUES ('4bd5fa1e-ac47-42f4-a4d9-95613e019dc2', 'Fisioterapeuta osteopata', '223640', '2026-05-16T00:23:32.108575+00:00', true);
INSERT INTO public.specialties (id, name, cbo, created_at, active) VALUES ('c6caec5d-45aa-4d2b-ac44-2568b96d81ae', 'Fisioterapeuta do trabalho', '223660', '2026-05-16T00:23:32.108575+00:00', true);
INSERT INTO public.specialties (id, name, cbo, created_at, active) VALUES ('a9505b28-14c7-4bbb-b4c2-7b034e1f3273', 'Profissional de educação física na saúde', '224140', '2026-05-16T00:23:32.108575+00:00', true);
INSERT INTO public.specialties (id, name, cbo, created_at, active) VALUES ('aa7867bd-176a-4c20-a981-08a5c9c9929c', 'Naturólogo', '226320', '2026-05-16T00:23:32.108575+00:00', true);
INSERT INTO public.specialties (id, name, cbo, created_at, active) VALUES ('2ca1bbeb-d910-4dda-98c6-d5108f142ef3', 'Psicólogo hospitalar', '251520', '2026-05-16T00:23:32.108575+00:00', true);
INSERT INTO public.specialties (id, name, cbo, created_at, active) VALUES ('e12bf8ea-cb1e-4647-a1cb-10db8c6de5af', 'Psicólogo do trânsito', '251535', '2026-05-16T00:23:32.108575+00:00', true);
INSERT INTO public.specialties (id, name, cbo, created_at, active) VALUES ('f80aae72-0327-45ee-bcd6-481dcc5cf74d', 'Psicólogo do trabalho', '251540', '2026-05-16T00:23:32.108575+00:00', true);
INSERT INTO public.specialties (id, name, cbo, created_at, active) VALUES ('540c085b-513e-4735-8f09-41b0dd8fd041', 'Psicanalista', '251550', '2026-05-16T00:23:32.108575+00:00', true);
INSERT INTO public.specialties (id, name, cbo, created_at, active) VALUES ('9a80a1bd-0af8-4fa0-91e0-6aeea0af3616', 'Médico sanitarista', '225139', '2026-05-16T00:24:22.088418+00:00', true);
INSERT INTO public.specialties (id, name, cbo, created_at, active) VALUES ('bb5bb39c-234f-4a8d-89a1-6b3a50323995', 'Médico da estratégia de saúde da família', '225142', '2026-05-16T00:24:22.088418+00:00', true);
INSERT INTO public.specialties (id, name, cbo, created_at, active) VALUES ('8c3b6db9-88ee-4b23-9f3f-b227f92e265f', 'Fonoaudiólogos', '2238', '2026-05-16T00:26:11.41522+00:00', true);
INSERT INTO public.specialties (id, name, cbo, created_at, active) VALUES ('2540b4a5-9b7b-4d30-9b25-519db33d21da', 'Biomédico', '221205', '2026-05-16T00:29:41.528471+00:00', true);
INSERT INTO public.specialties (id, name, cbo, created_at, active) VALUES ('1f1b7382-20dc-4048-a945-d5a92ad3984f', 'Médico em medicina preventiva e social', '2231F8', '2026-05-16T00:29:41.528471+00:00', true);
INSERT INTO public.specialties (id, name, cbo, created_at, active) VALUES ('e0b872ca-bc85-48f8-b228-8727d7ae8a8b', 'Médico Cardiologista Intervencionista', '2231G1', '2026-05-16T00:29:41.528471+00:00', true);
INSERT INTO public.specialties (id, name, cbo, created_at, active) VALUES ('fbdeeefe-2760-4ce7-832d-2443f78a97b0', 'Cirurgião dentista - auditor', '223204', '2026-05-16T00:29:41.528471+00:00', true);
INSERT INTO public.specialties (id, name, cbo, created_at, active) VALUES ('91856f6c-c96e-4301-b682-ca67e5bf31fd', 'Cirurgião dentista - epidemiologista', '223216', '2026-05-16T00:29:41.528471+00:00', true);
INSERT INTO public.specialties (id, name, cbo, created_at, active) VALUES ('8bb7d1c3-21aa-40d9-a3b6-f01ef5dce4e7', 'Cirurgião dentista - radiologista', '223260', '2026-05-16T00:29:41.528471+00:00', true);
INSERT INTO public.specialties (id, name, cbo, created_at, active) VALUES ('6d9db6d0-207e-4912-8ac2-5f311084901b', 'Cirurgião dentista de saúde coletiva', '223272', '2026-05-16T00:29:41.528471+00:00', true);
INSERT INTO public.specialties (id, name, cbo, created_at, active) VALUES ('6f67f2e3-8726-4e0f-8971-e804d6ad05a6', 'Cirurgião dentista - dentística', '223280', '2026-05-16T00:29:41.528471+00:00', true);
INSERT INTO public.specialties (id, name, cbo, created_at, active) VALUES ('f2f19230-af96-47a5-b44d-8bd0a2a8ab18', 'Cirurgião dentista - disfunção temporomandibular e dor orofacial', '223284', '2026-05-16T00:29:41.528471+00:00', true);
INSERT INTO public.specialties (id, name, cbo, created_at, active) VALUES ('fbdc5759-0f5a-4b6c-b5a7-cce46b033549', 'Cirurgião-dentista da estratégia de saúde da família', '223293', '2026-05-16T00:29:41.528471+00:00', true);
INSERT INTO public.specialties (id, name, cbo, created_at, active) VALUES ('75b7fea2-288b-4b12-8340-a3db4a4632e1', 'Farmacêutico de alimentos', '223420', '2026-05-16T00:29:41.528471+00:00', true);
INSERT INTO public.specialties (id, name, cbo, created_at, active) VALUES ('32d9aa5b-2c85-4dc9-b9a5-c01a24f0a9db', 'Farmacêutico práticas integrativas e complementares', '223425', '2026-05-16T00:29:41.528471+00:00', true);
INSERT INTO public.specialties (id, name, cbo, created_at, active) VALUES ('b6730eaf-6cd5-4977-948e-de3b321b8ddc', 'Farmacêutico industrial', '223435', '2026-05-16T00:29:41.528471+00:00', true);
INSERT INTO public.specialties (id, name, cbo, created_at, active) VALUES ('018c4190-1109-4d82-8030-716dfcdc188c', 'Farmacêutico toxicologista', '223440', '2026-05-16T00:29:41.528471+00:00', true);
INSERT INTO public.specialties (id, name, cbo, created_at, active) VALUES ('4a6a5ab4-7982-4333-b476-938a9d74072e', 'Enfermeiro auditor', '223510', '2026-05-16T00:29:41.528471+00:00', true);
INSERT INTO public.specialties (id, name, cbo, created_at, active) VALUES ('feae1c39-70fc-42c6-a69e-32fa3b987c9b', 'Enfermeiro de bordo', '223515', '2026-05-16T00:29:41.528471+00:00', true);
INSERT INTO public.specialties (id, name, cbo, created_at, active) VALUES ('9d5ccaba-4478-4713-8035-b3bc8237f177', 'Enfermeiro puericultor e pediátrico', '223555', '2026-05-16T00:29:41.528471+00:00', true);
INSERT INTO public.specialties (id, name, cbo, created_at, active) VALUES ('18db1def-535f-40ca-9503-7b03a9b5c3dc', 'Enfermeiro sanitarista', '223560', '2026-05-16T00:29:41.528471+00:00', true);
INSERT INTO public.specialties (id, name, cbo, created_at, active) VALUES ('7e5c394e-c9e7-48a1-9776-2581a3379117', 'Enfermeiro da estratégia de saúde da família', '223565', '2026-05-16T00:29:41.528471+00:00', true);
INSERT INTO public.specialties (id, name, cbo, created_at, active) VALUES ('e0ce80fc-d28a-4f5c-902b-36992af56ad6', 'Perfusionista', '223570', '2026-05-16T00:29:41.528471+00:00', true);
INSERT INTO public.specialties (id, name, cbo, created_at, active) VALUES ('8466e797-301d-4f91-8f25-8daaf1161e04', 'Enfermeiro estomaterapeuta', '223580', '2026-05-16T00:29:41.528471+00:00', true);
INSERT INTO public.specialties (id, name, cbo, created_at, active) VALUES ('853b5734-e8af-4379-ac19-3c074d733358', 'Fisioterapeuta respiratória', '223625', '2026-05-16T00:29:41.528471+00:00', true);
INSERT INTO public.specialties (id, name, cbo, created_at, active) VALUES ('735a3e90-04c0-4e50-b18e-9e0a3d60ec36', 'Fisioterapeuta neurofuncional', '223630', '2026-05-16T00:29:41.528471+00:00', true);
INSERT INTO public.specialties (id, name, cbo, created_at, active) VALUES ('3b8aca3b-1269-41f6-85e0-d6929cf94f77', 'Fisioterapeuta traumato-ortopédica funcional', '223635', '2026-05-16T00:29:41.528471+00:00', true);
INSERT INTO public.specialties (id, name, cbo, created_at, active) VALUES ('3a5ae374-0125-4350-8c36-613a5f1e663c', 'Fisioterapeuta quiropraxista', '223645', '2026-05-16T00:29:41.528471+00:00', true);
INSERT INTO public.specialties (id, name, cbo, created_at, active) VALUES ('929692ab-24b9-4276-b52a-2962315255ee', 'Fisioterapeuta acupunturista', '223650', '2026-05-16T00:29:41.528471+00:00', true);
INSERT INTO public.specialties (id, name, cbo, created_at, active) VALUES ('c9a0853d-93bf-4f4c-a3d3-360545a36006', 'Fisioterapeuta esportivo', '223655', '2026-05-16T00:29:41.528471+00:00', true);
INSERT INTO public.specialties (id, name, cbo, created_at, active) VALUES ('7b24cc5f-7a9e-47e5-b897-c1feb197ee5a', 'Técnico em orientação e mobilidade de cegos e deficientes visuais', '2236I1', '2026-05-16T00:29:41.528471+00:00', true);
INSERT INTO public.specialties (id, name, cbo, created_at, active) VALUES ('82e31cc5-6609-4299-8936-ceb7fadb9258', 'Fonoaudiólogo educacional', '223815', '2026-05-16T00:29:41.528471+00:00', true);
INSERT INTO public.specialties (id, name, cbo, created_at, active) VALUES ('086fa095-9bff-4f29-8d22-ee2f7c6e0dca', 'Fonoaudiólogo em audiologia', '223820', '2026-05-16T00:29:41.528471+00:00', true);
INSERT INTO public.specialties (id, name, cbo, created_at, active) VALUES ('ad514c1a-5f3d-4a48-ba9e-360130a3cc59', 'Fonoaudiólogo em disfagia', '223825', '2026-05-16T00:29:41.528471+00:00', true);
INSERT INTO public.specialties (id, name, cbo, created_at, active) VALUES ('b4615c01-a11b-4935-a81d-9955afdf2f05', 'Fonoaudiólogo em linguagem', '223830', '2026-05-16T00:29:41.528471+00:00', true);
INSERT INTO public.specialties (id, name, cbo, created_at, active) VALUES ('3295eec4-eaf4-418d-b8e5-57e0c3088ffe', 'Fonoaudiólogo em motricidade orofacial', '223835', '2026-05-16T00:29:41.528471+00:00', true);
INSERT INTO public.specialties (id, name, cbo, created_at, active) VALUES ('32d217ff-6728-41d9-bc5d-bb8af5d94129', 'Fonoaudiólogo em saúde coletiva', '223840', '2026-05-16T00:29:41.528471+00:00', true);
INSERT INTO public.specialties (id, name, cbo, created_at, active) VALUES ('2869aa46-b0bc-4e62-88cc-435d1ef89699', 'Fonoaudiólogo em voz', '223845', '2026-05-16T00:29:41.528471+00:00', true);
INSERT INTO public.specialties (id, name, cbo, created_at, active) VALUES ('c1440113-f4e3-448f-a272-f9c751fce3a6', 'Avaliador físico', '224105', '2026-05-16T00:29:41.528471+00:00', true);
INSERT INTO public.specialties (id, name, cbo, created_at, active) VALUES ('b4b0543d-b33c-4fe8-8770-97840e964010', 'Ludomotricista', '224110', '2026-05-16T00:29:41.528471+00:00', true);
INSERT INTO public.specialties (id, name, cbo, created_at, active) VALUES ('d773e55e-584b-4fc9-82ae-818db69503cc', 'Preparador de atleta', '224115', '2026-05-16T00:29:41.528471+00:00', true);
INSERT INTO public.specialties (id, name, cbo, created_at, active) VALUES ('0e313281-0cd4-473b-bee1-88169e4e31a0', 'Preparador físico', '224120', '2026-05-16T00:29:41.528471+00:00', true);
INSERT INTO public.specialties (id, name, cbo, created_at, active) VALUES ('e0cb4890-bbcc-4c10-b5d7-74dc76f41001', 'Técnico de desporto individual e coletivo (exceto futebol)', '224125', '2026-05-16T00:29:41.528471+00:00', true);
INSERT INTO public.specialties (id, name, cbo, created_at, active) VALUES ('587e21e6-dd2a-4c42-aa1d-571c7fef4635', 'Técnico de laboratório e fiscalização desportiva', '224130', '2026-05-16T00:29:41.528471+00:00', true);
INSERT INTO public.specialties (id, name, cbo, created_at, active) VALUES ('17155913-80c3-40a8-b780-4a1b10d67847', 'Treinador profissional de futebol', '224135', '2026-05-16T00:29:41.528471+00:00', true);
INSERT INTO public.specialties (id, name, cbo, created_at, active) VALUES ('1a8caee7-bea4-4999-afea-459b4adf4d57', 'Médico legista', '225106', '2026-05-16T00:29:41.528471+00:00', true);
INSERT INTO public.specialties (id, name, cbo, created_at, active) VALUES ('2073390f-146e-4c73-84cc-4721421a7935', 'Médico do trabalho', '225140', '2026-05-16T00:29:41.528471+00:00', true);
INSERT INTO public.specialties (id, name, cbo, created_at, active) VALUES ('4103d899-ab68-4654-b73e-926937158a1b', 'Médico em medicina de tráfego', '225145', '2026-05-16T00:29:41.528471+00:00', true);
INSERT INTO public.specialties (id, name, cbo, created_at, active) VALUES ('33215cc3-4ab9-4dc6-9164-7591e5123f61', 'Médico anatomopatologista', '225148', '2026-05-16T00:29:41.528471+00:00', true);
INSERT INTO public.specialties (id, name, cbo, created_at, active) VALUES ('245c6753-965b-4036-a86e-349c6508d877', 'Médico em medicina intensiva', '225150', '2026-05-16T00:29:41.528471+00:00', true);
INSERT INTO public.specialties (id, name, cbo, created_at, active) VALUES ('3ccd76b6-1cab-4b9d-b53e-7f4071a2feae', 'Médico cirurgião da mão', '225295', '2026-05-16T00:29:41.528471+00:00', true);
INSERT INTO public.specialties (id, name, cbo, created_at, active) VALUES ('9a8ef1b5-fdc1-4f81-a2e6-9030f350958d', 'Médico citopatologista', '225305', '2026-05-16T00:29:41.528471+00:00', true);
INSERT INTO public.specialties (id, name, cbo, created_at, active) VALUES ('c74bdc09-a26b-47a7-a369-3905754b5f0d', 'Médico em endoscopia', '225310', '2026-05-16T00:29:41.528471+00:00', true);
INSERT INTO public.specialties (id, name, cbo, created_at, active) VALUES ('106288e6-9433-4d29-961f-b73c4c74a5ae', 'Médico patologista', '225325', '2026-05-16T00:29:41.528471+00:00', true);
INSERT INTO public.specialties (id, name, cbo, created_at, active) VALUES ('bffbb14e-31f4-434a-bc16-5b31315ee37d', 'Médico patologista clínico / medicina laboratorial', '225335', '2026-05-16T00:29:41.528471+00:00', true);
INSERT INTO public.specialties (id, name, cbo, created_at, active) VALUES ('d7167a3a-a978-4e2c-a42d-7c6709b9cfec', 'Médico hiperbarista', '225345', '2026-05-16T00:29:41.528471+00:00', true);
INSERT INTO public.specialties (id, name, cbo, created_at, active) VALUES ('b8fd8e4b-e5c0-4b5e-901d-10e5571916de', 'Quiropraxista', '226105', '2026-05-16T00:29:41.528471+00:00', true);
INSERT INTO public.specialties (id, name, cbo, created_at, active) VALUES ('4527e65f-4154-4e29-b128-135092603e64', 'Osteopata', '226110', '2026-05-16T00:29:41.528471+00:00', true);
INSERT INTO public.specialties (id, name, cbo, created_at, active) VALUES ('848ceabc-3b37-4ee5-aef0-ab874e925d5e', 'Arteterapeuta', '226310', '2026-05-16T00:29:41.528471+00:00', true);
INSERT INTO public.specialties (id, name, cbo, created_at, active) VALUES ('3d5b9629-4c18-41f1-b947-1559f0a46cf2', 'Equoterapeuta', '226315', '2026-05-16T00:29:41.528471+00:00', true);
INSERT INTO public.specialties (id, name, cbo, created_at, active) VALUES ('a1f9f796-18ce-43a6-8e58-ad0b5b197145', 'Professor de educação física no ensino superior', '234410', '2026-05-16T00:29:41.528471+00:00', true);
INSERT INTO public.specialties (id, name, cbo, created_at, active) VALUES ('49be6d74-19e8-428a-b564-c6f6c8516c2b', 'Professor de enfermagem do ensino superior', '234415', '2026-05-16T00:29:41.528471+00:00', true);
INSERT INTO public.specialties (id, name, cbo, created_at, active) VALUES ('8b337007-50a9-42ce-a8ff-08281c73042e', 'Psicólogo educacional', '251505', '2026-05-16T00:29:41.528471+00:00', true);
INSERT INTO public.specialties (id, name, cbo, created_at, active) VALUES ('b9233275-d484-40a9-836e-523c6eb5926c', 'Psicólogo do esporte', '251515', '2026-05-16T00:29:41.528471+00:00', true);
INSERT INTO public.specialties (id, name, cbo, created_at, active) VALUES ('5bf2508b-db8c-4494-bb16-98a3c3d7a1c8', 'Psicólogo jurídico', '251525', '2026-05-16T00:29:41.528471+00:00', true);
INSERT INTO public.specialties (id, name, cbo, created_at, active) VALUES ('36a8127f-107d-4629-90b4-b63c67ca89bb', 'Psicólogo social', '251530', '2026-05-16T00:29:41.528471+00:00', true);
INSERT INTO public.specialties (id, name, cbo, created_at, active) VALUES ('b1fde42b-dc94-4b86-b539-41abb16406e2', 'Psicólogo Acupunturista', '251555', '2026-05-16T00:29:41.528471+00:00', true);
INSERT INTO public.specialties (id, name, cbo, created_at, active) VALUES ('de1f9210-5a92-45d9-9188-45e604f0d94f', 'Técnico em acupuntura', '322105', '2026-05-16T00:29:41.528471+00:00', true);
INSERT INTO public.specialties (id, name, cbo, created_at, active) VALUES ('366ce02b-231d-4dd6-8f93-a2331e3f6f3e', 'Técnico em quiropraxia', '322115', '2026-05-16T00:29:41.528471+00:00', true);
INSERT INTO public.specialties (id, name, cbo, created_at, active) VALUES ('1c0b08b5-0928-46ac-88ac-28df0ea882ca', 'Massoterapeuta', '322120', '2026-05-16T00:29:41.528471+00:00', true);
INSERT INTO public.specialties (id, name, cbo, created_at, active) VALUES ('f78421f7-0fd3-48c7-a940-ee97d2a68a17', 'Terapeuta holístico', '322125', '2026-05-16T00:29:41.528471+00:00', true);
INSERT INTO public.specialties (id, name, cbo, created_at, active) VALUES ('166c0dc3-20fb-4c65-9a93-96809c459a24', 'Técnico de enfermagem', '322205', '2026-05-16T00:29:41.528471+00:00', true);
INSERT INTO public.specialties (id, name, cbo, created_at, active) VALUES ('d34b0969-76cd-4ffb-903e-710817c0275f', 'Técnico de enfermagem de terapia intensiva', '322210', '2026-05-16T00:29:41.528471+00:00', true);
INSERT INTO public.specialties (id, name, cbo, created_at, active) VALUES ('33893d6a-317a-480f-96f7-364312fb8ca6', 'Técnico de enfermagem do trabalho', '322215', '2026-05-16T00:29:41.528471+00:00', true);
INSERT INTO public.specialties (id, name, cbo, created_at, active) VALUES ('76c2c9b6-f527-4626-9354-ffd825dd9897', 'Técnico de enfermagem psiquiátrica', '322220', '2026-05-16T00:29:41.528471+00:00', true);
INSERT INTO public.specialties (id, name, cbo, created_at, active) VALUES ('b57eaa74-46d6-440d-8332-3a88fe1b7297', 'Instrumentador cirúrgico', '322225', '2026-05-16T00:29:41.528471+00:00', true);
INSERT INTO public.specialties (id, name, cbo, created_at, active) VALUES ('1a3f8eef-c465-4821-89bd-f1b99e64972e', 'Auxiliar de enfermagem', '322230', '2026-05-16T00:29:41.528471+00:00', true);
INSERT INTO public.specialties (id, name, cbo, created_at, active) VALUES ('77959d94-9358-4f84-8431-b04aeabefc1b', 'Auxiliar de enfermagem do trabalho', '322235', '2026-05-16T00:29:41.528471+00:00', true);
INSERT INTO public.specialties (id, name, cbo, created_at, active) VALUES ('e64e5b71-e2fd-4fcc-b8dd-579308b2dad2', 'Auxiliar de saúde (navegação marítima)', '322240', '2026-05-16T00:29:41.528471+00:00', true);
INSERT INTO public.specialties (id, name, cbo, created_at, active) VALUES ('85a9d323-4de5-481f-9748-b3a8fdd90511', 'Técnico de enfermagem da estratégia de saúde da família', '322245', '2026-05-16T00:29:41.528471+00:00', true);
INSERT INTO public.specialties (id, name, cbo, created_at, active) VALUES ('288035dd-1239-4efd-94fe-54f0325965bb', 'Auxiliar de enfermagem da estratégia de saúde da família', '322250', '2026-05-16T00:29:41.528471+00:00', true);
INSERT INTO public.specialties (id, name, cbo, created_at, active) VALUES ('2a36754a-2bb8-4a14-bae5-667088b9ddd2', 'Técnico em saúde bucal', '322405', '2026-05-16T00:29:41.528471+00:00', true);
INSERT INTO public.specialties (id, name, cbo, created_at, active) VALUES ('d4e6f041-6dc8-4ee1-b716-5c45912fd8e1', 'Auxiliar em saúde bucal', '322415', '2026-05-16T00:29:41.528471+00:00', true);
INSERT INTO public.specialties (id, name, cbo, created_at, active) VALUES ('6befca74-4bd1-4f0e-a094-234282fea96c', 'Técnico em saúde bucal da estratégia de saúde da família', '322425', '2026-05-16T00:29:41.528471+00:00', true);
INSERT INTO public.specialties (id, name, cbo, created_at, active) VALUES ('d2ec48cd-3e3a-4ba0-908b-688949e46ce6', 'Auxiliar em saúde bucal da estratégia de saúde da família', '322430', '2026-05-16T00:29:41.528471+00:00', true);
INSERT INTO public.specialties (id, name, cbo, created_at, active) VALUES ('5aad4848-6823-450d-a86f-a4f6659afa43', 'Agente de saúde pública', '352210', '2026-05-16T00:29:41.528471+00:00', true);
INSERT INTO public.specialties (id, name, cbo, created_at, active) VALUES ('0f626bc6-cc5a-4631-a177-4f7bd444cbc8', 'Agente comunitário de saúde', '515105', '2026-05-16T00:29:41.528471+00:00', true);
INSERT INTO public.specialties (id, name, cbo, created_at, active) VALUES ('b2231d69-823a-49d8-9200-0c609ef8a8d5', 'Atendente de enfermagem', '515110', '2026-05-16T00:29:41.528471+00:00', true);
INSERT INTO public.specialties (id, name, cbo, created_at, active) VALUES ('052cf9ce-8c46-4ec0-89c7-53a326bc67de', 'Parteira leiga', '515115', '2026-05-16T00:29:41.528471+00:00', true);
INSERT INTO public.specialties (id, name, cbo, created_at, active) VALUES ('f4ff850a-56d2-45dd-a0d3-724cdc6a97b1', 'Visitador sanitário', '515120', '2026-05-16T00:29:41.528471+00:00', true);
INSERT INTO public.specialties (id, name, cbo, created_at, active) VALUES ('cc70b926-32f8-4322-bc4c-07c173961d6b', 'Agente indígena de saúde', '515125', '2026-05-16T00:29:41.528471+00:00', true);
INSERT INTO public.specialties (id, name, cbo, created_at, active) VALUES ('dc5df48c-6386-4734-bb41-ac8d4fd9ffef', 'Agente indígena de saneamento', '515130', '2026-05-16T00:29:41.528471+00:00', true);
INSERT INTO public.specialties (id, name, cbo, created_at, active) VALUES ('72a5970b-ad86-4be9-814e-d6a38d95489b', 'Socorrista (exceto médicos e enfermeiros)', '515135', '2026-05-16T00:29:41.528471+00:00', true);
INSERT INTO public.specialties (id, name, cbo, created_at, active) VALUES ('588982f3-d3e3-43de-ba5f-e6820e29a1c3', 'Agente de Combate às Endemias', '515140', '2026-05-16T00:29:41.528471+00:00', true);
INSERT INTO public.specialties (id, name, cbo, created_at, active) VALUES ('72da2464-f6a9-4fe1-b8b1-75555145447a', 'Agente de Combate às Endemias', '5151F1', '2026-05-16T00:29:41.528471+00:00', true);
INSERT INTO public.specialties (id, name, cbo, created_at, active) VALUES ('2ab84086-0605-4dc8-b729-86142bd161f7', 'Cuidador em saúde', '516220', '2026-05-16T00:29:41.528471+00:00', true);

-- Table: public.procedures (12 rows)
INSERT INTO public.procedures (id, code, description, valor_sus, valor_rp, created_at, name, active, bpa_type, max_quantity, min_age, max_age) VALUES ('67da8b83-3789-4c82-ade4-dd0c1854297f', '0301070040', 'ACOMPANHAMENTO QUE DESTINA-SE A REEDUCAÇÃO DAS FUNÇÕES COGNITIVAS, SENSORIAIS E EXECUTIVAS DO PACIENTE.', 17.67, 142.33, '2026-03-13T13:56:17.351089+00:00', 'ACOMPANHAMENTO NEUROPSICOLÓGICO DE PACIENTE EM REABILITAÇÃO', true, 'BPA_I', 20, NULL, NULL);
INSERT INTO public.procedures (id, code, description, valor_sus, valor_rp, created_at, name, active, bpa_type, max_quantity, min_age, max_age) VALUES ('d9d18bf1-cb64-419a-8fdc-e8fa07446415', '0301070024', 'DESTINA-SE AO TREINAMENTO PARA UTILIZACAO DE RECURSOS ALTERNATIVOS DE
COMUNICACAO,VISANDO A AQUISIÇÃO DE HABILIDADES QUE FAVOREÇAM A REINSERÇÃO SOCIAL DO PACIENTE.', 17.67, 147.33, '2026-03-13T20:01:07.536777+00:00', 'ACOMPANHAMENTO DE PACIENTE EM REABILITACAO EM COMUNICACAO ALTERNATIVA', true, 'BPA_I', 20, 0, 7);
INSERT INTO public.procedures (id, code, description, valor_sus, valor_rp, created_at, name, active, bpa_type, max_quantity, min_age, max_age) VALUES ('63ba7698-d50d-4327-83b8-f63c72e46093', '0301070059', 'ACOMPANHAMENTO QUE DESTINA-SE A ELABORACAO DE SITUACAO DE ENSINO QUE FAVORECA A SUPERACAO DA DIFICULDADE APRESENTADA PELO PACIENTE COM DEFICIT DE APRENDIZAGEM.', 17.67, 132.33, '2026-03-13T19:51:52.47481+00:00', 'ACOMPANHAMENTO PSICOPEDAGOGICO DE PACIENTE EM REABILITACAO', true, 'BPA_I', 20, 7, NULL);
INSERT INTO public.procedures (id, code, description, valor_sus, valor_rp, created_at, name, active, bpa_type, max_quantity, min_age, max_age) VALUES ('e190e947-fd98-483e-a817-9ebe97e4b5bc', NULL, 'AÇÕES INDIVIDUAIS OU COLETIVAS VOLTADAS PARA O ACOLHIMENTO, COMPARTILHAMENTO DE EXPERIÊNCIAS E INFORMAÇÕES ENTRE OS FAMILIARES, CUIDADORES E/OU ACOMPANHANTES DE PESSOAS COM DEFICIÊNCIA E A EQUIPE
MULTIPROFISSIONAL DE REABILITAÇÃO, VISANDO A MELHORIA DA QUALIDADE DE VIDA, ESTÍMULO À COMUNICAÇÃO, SOCIALIZAÇÃO, E ATENDIMENTO DAS SUAS
DEMANDAS, SEJAM ELAS DECORRENTES OU NÃO DO CUIDADO COM A PESSOA COM DEFICIÊNCIA', 0, 152.5, '2026-03-13T20:12:46.688781+00:00', 'ATENDIMENTO DE FAMILIARES, CUIDADORES E/OU ACOMPANHANTES DE PESSOAS COM DEFICIÊNCIA NOS SERVIÇOS DE REABILITAÇÃO DA ATENÇÃO ESPECIALIZADA', true, 'NAO_APLICA', NULL, NULL, NULL);
INSERT INTO public.procedures (id, code, description, valor_sus, valor_rp, created_at, name, active, bpa_type, max_quantity, min_age, max_age) VALUES ('fc81c735-86ca-48c3-b05c-e1109b924c8a', NULL, 'PRÁTICA EXPRESSIVA INDIVIDUAL OU COLETIVA QUE UTILIZA BASICAMENTE A MÚSICA E/OU SEUS ELEMENTOS NO SEU MAIS AMPLO SENTIDO – SOM, RITMO, MELODIA E HARMONIA –, FACILITANDO E PROMOVENDO A COMUNICAÇÃO, A
RELAÇÃO, A APRENDIZAGEM, A MOBILIZAÇÃO, A EXPRESSÃO, E OUTROS
OBJETIVOS TERAPÊUTICOS RELEVANTES, COM INTUITO DE FAVORECER O
ALCANCE DAS NECESSIDADES FÍSICAS, EMOCIONAIS, MENTAIS, SOCIAIS E COGNITIVAS DO INDIVÍDUO.', 0, 160, '2026-03-13T20:15:10.074562+00:00', 'SESSÃO DE MUSICOTERAPIA', true, 'NAO_APLICA', NULL, NULL, NULL);
INSERT INTO public.procedures (id, code, description, valor_sus, valor_rp, created_at, name, active, bpa_type, max_quantity, min_age, max_age) VALUES ('c5807ece-7c7c-4583-aad8-aa903e5af680', '0301010048', 'CONSULTA CLÍNICA DE PROFISSIONAIS DE SAUDE (EXCETO MÉDICO) DE NÍVEL SUPERIOR NA ATENÇÃO ESPECIALIZADA, JUNTAMENTE COM TODOS OS OUTROS
PROCEDIMENTOS QUE TENHAM EXECUTADO NESTA CONSULTA.', 6.3, 173.7, '2026-03-13T12:04:17.144018+00:00', 'CONSULTA DE PROFISSIONAIS DE NÍVEL SUPERIOR NA ATENÇÃO ESPECIALIZADA (EXCETO MÉDICOS)', true, 'BPA_I', NULL, NULL, NULL);
INSERT INTO public.procedures (id, code, description, valor_sus, valor_rp, created_at, name, active, bpa_type, max_quantity, min_age, max_age) VALUES ('0df023fe-faa5-4519-a8df-9051cbafd1ce', '0301010072', 'CONSULTA CLÍNICA DO PROFISSIONAL MÉDICO NA ATENÇÃO ESPECIALIZADA', 10, 590, '2026-03-13T19:38:47.244544+00:00', 'CONSULTA MEDICA EM ATENÇÃO ESPECIALIZADA', true, 'BPA_I', NULL, NULL, NULL);
INSERT INTO public.procedures (id, code, description, valor_sus, valor_rp, created_at, name, active, bpa_type, max_quantity, min_age, max_age) VALUES ('0cf4eed1-66bb-42c4-8110-95729b0c7c8d', '0301010307', 'CONSULTA CLÍNICA DO PROFISSIONAL MÉDICO NA ATENÇÃO ESPECIALIZADA, REALIZADA A DISTÂNCIA POR MEIO DE TECNOLOGIA DA INFORMAÇÃO E COMUNICAÇÃO', 10, 490, '2026-03-13T19:41:05.935812+00:00', 'TELECONSULTA MÉDICA NA ATENÇÃO ESPECIALIZADA', true, 'BPA_I', NULL, NULL, NULL);
INSERT INTO public.procedures (id, code, description, valor_sus, valor_rp, created_at, name, active, bpa_type, max_quantity, min_age, max_age) VALUES ('567b422d-edc7-4d44-81ca-ea2967a2c9bc', '0301070113', 'HABILITAÇÃO E REABILITAÇÃO FONOAUDILÓGICA NAS ÁREAS DE LINGUAGEM, MOTRICIDADE OROFACIAL, VOZ E AUDIÇÃO.', 10.9, 149.1, '2026-03-13T01:38:39.401827+00:00', 'TERAPIA FONOAUDIOLÓGICA INDIVIDUAL', true, 'BPA_I', NULL, NULL, NULL);
INSERT INTO public.procedures (id, code, description, valor_sus, valor_rp, created_at, name, active, bpa_type, max_quantity, min_age, max_age) VALUES ('af18b2da-f3de-4b90-a484-7279b3541b14', '0301070067', 'ATENDIMENTO MULTIPROFISSIONAL QUE CONSISTE NA ADAPTAÇÃO DE RECURSO OPTICOS E NÃO OPTICOS NO DESENVOLVIMENTO DE HABILIDADE PARA A EXECUÇÃO DE ATIVIDADES DE VIDA DIÁRIA E ESTIMULAÇÃO PRECOCE PARA FAVORECER O DESENVOLVIMENTO GLOBAL DO PACIENTE COM MULTIPLAS DEFICIÊNCIAS.', 7.71, 152.29, '2026-03-13T19:56:46.763526+00:00', 'ATENDIMENTO/ACOMPANHAMENTO EM REABILITAÇÃO NAS MÚLTIPLAS DEFICIÊNCIAS', true, 'BPA_I', 20, NULL, NULL);
INSERT INTO public.procedures (id, code, description, valor_sus, valor_rp, created_at, name, active, bpa_type, max_quantity, min_age, max_age) VALUES ('e842f927-21eb-4d8f-a03f-29568db1e493', '0301070075', 'DESTINA-SE AO ACOMPANHAMENTO, AVALIAÇÃO, ESTIMULAÇÃO, ORIENTAÇÃO
RELACIONADOS AO NEURODESENVOLVIMENTO POR MEIO DA UTILIZAÇÃO DE RECURSOS FÍSICOS, COMPORTAMENTAIS, PRÁTICAS INTEGRATIVAS, ENTRE OUTRAS, VISANDO A AQUISIÇÃO DE HABILIDADES E DESENVOLVIMENTO DE FUNÇÕES COGNITIVAS, MOTORAS, SENSORIAIS E EXECUTIVAS, PARA A
INCLUSÃO SOCIAL DO PACIENTE.', 17.67, 142.33, '2026-03-13T19:58:57.354667+00:00', 'ATENDIMENTO / ACOMPANHAMENTO DE PACIENTE EM REABILITACAO DO DESENVOLVIMENTO NEUROPSICOMOTOR', true, 'BPA_I', 20, NULL, NULL);
INSERT INTO public.procedures (id, code, description, valor_sus, valor_rp, created_at, name, active, bpa_type, max_quantity, min_age, max_age) VALUES ('b47d179a-094b-42ad-bee0-945010ba03d2', '0211100013', 'DIAGNÓSTICO REALIZADO ATRAVÉS DE APLICAÇÃO DE TESTES REGULAMENTADOS PELOS ÓRGÃOS DE FISCALIZAÇÃO.', 2.74, 1647.26, '2026-03-13T20:04:10.3135+00:00', 'APLICAÇÃO DE TESTE PARA PSICODIAGNÓSTICO', true, 'BPA_I', NULL, NULL, NULL);

-- Table: public.service_classifications (14 rows)
INSERT INTO public.service_classifications (id, service_code, classification_code, name, active, created_at) VALUES ('6f476cab-e2af-440a-9eae-4ed257f7e72e', '113', '001', 'Assitência Domiciliar (Serviço de Atenção Domiciliar)', true, '2026-05-15T22:00:16.666691+00:00');
INSERT INTO public.service_classifications (id, service_code, classification_code, name, active, created_at) VALUES ('a48a80a2-b0d6-4bce-962a-1b368d0a6af8', '113', '002', 'Internação Domiciliar (Serviço de Atenção Domiciliar)', true, '2026-05-15T22:00:16.666691+00:00');
INSERT INTO public.service_classifications (id, service_code, classification_code, name, active, created_at) VALUES ('1abef94d-fbf2-45c4-a098-11c79390ae0b', '135', '001', 'Reabilitação Visual (Serviço de Reabilitação)', true, '2026-05-15T22:00:16.666691+00:00');
INSERT INTO public.service_classifications (id, service_code, classification_code, name, active, created_at) VALUES ('ceffab28-08a9-4de8-98cc-ef98a4747e49', '135', '002', 'Reabilitação Intelectual (Serviço de Reabilitação)', true, '2026-05-15T22:00:16.666691+00:00');
INSERT INTO public.service_classifications (id, service_code, classification_code, name, active, created_at) VALUES ('3b089ef9-64aa-48a5-b9b7-265a02888b93', '135', '003', 'Reabilitação Física (Serviço de Reabilitação)', true, '2026-05-15T22:00:16.666691+00:00');
INSERT INTO public.service_classifications (id, service_code, classification_code, name, active, created_at) VALUES ('b415309a-d630-4532-af4f-148274d74332', '113', '003', 'Equipe Multidisciplinar de Atenção Domiciliar - EMAD (Serviço de Atenção Domiciliar)', true, '2026-05-15T22:00:16.666691+00:00');
INSERT INTO public.service_classifications (id, service_code, classification_code, name, active, created_at) VALUES ('e63c9a1b-1b31-4079-8ac6-4ec0cde19f12', '113', '004', 'Equipe Multidisciplinar de Apoio - EMAP (Serviço de Atenção Domiciliar)', true, '2026-05-15T22:00:16.666691+00:00');
INSERT INTO public.service_classifications (id, service_code, classification_code, name, active, created_at) VALUES ('60c96288-d9df-4fbf-8c59-6f71d25974ee', '135', '005', 'Reabiliatação Auditiva (Serviço de Reabilitação)', true, '2026-05-15T22:00:16.666691+00:00');
INSERT INTO public.service_classifications (id, service_code, classification_code, name, active, created_at) VALUES ('5a398bb1-4d99-4449-8dfb-e83cecd84eaa', '135', '010', 'Atenção Fonoaudiológica (Serviço de Reabilitação)', true, '2026-05-15T22:00:16.666691+00:00');
INSERT INTO public.service_classifications (id, service_code, classification_code, name, active, created_at) VALUES ('f007097a-14ef-49e9-a89f-28208dbe1bbe', '160', '006', 'TELECONSULTA (Teleconsultoria)', true, '2026-05-16T00:32:13.736822+00:00');
INSERT INTO public.service_classifications (id, service_code, classification_code, name, active, created_at) VALUES ('bb6b910d-e181-4e1c-92ab-934f7f77ca4f', '115', '002', 'Atendimento psicossocial (Serviço de Atenção Psicossocial)', true, '2026-05-16T00:39:18.811081+00:00');
INSERT INTO public.service_classifications (id, service_code, classification_code, name, active, created_at) VALUES ('870b324f-b91e-48fd-93ef-0f01636c4a2d', '135', '011', 'Atenção Fisioterapeutica (Serviço de Reabilitação)', true, '2026-05-16T00:39:18.811081+00:00');
INSERT INTO public.service_classifications (id, service_code, classification_code, name, active, created_at) VALUES ('7e65408d-2bfe-4e13-9b31-31f7b56e1ac6', '135', '007', 'Oficina Ortopédica Fixa (Serviço de Reabilitação)', true, '2026-05-16T00:41:29.679635+00:00');
INSERT INTO public.service_classifications (id, service_code, classification_code, name, active, created_at) VALUES ('31330c1d-e867-4506-9da8-81b879f7ef31', '135', '008', 'Oficina Ortopédica Intinerante (Serviço de Reabilitação)', true, '2026-05-16T00:41:29.679635+00:00');

-- Table: public.cid (74 rows)
INSERT INTO public.cid (id, code, name, active, created_at) VALUES ('d3f63cb4-0e39-41e9-8831-53cb32305a80', 'F700', 'Retardo mental leve - menção de ausência de ou de comprometimento mínimo do comportamento', true, '2026-05-15T22:08:58.976965+00:00');
INSERT INTO public.cid (id, code, name, active, created_at) VALUES ('596bb87d-2874-4b91-916e-1a5a9600efaa', 'F701', 'Retardo mental leve - comprometimento significativo do comportamento, requerendo vigilância ou tratamento', true, '2026-05-15T22:08:58.976965+00:00');
INSERT INTO public.cid (id, code, name, active, created_at) VALUES ('9e8c79bb-f46b-4fa8-87ac-c5465175585a', 'F708', 'Retardo mental leve - outros comprometimentos do comportamento', true, '2026-05-15T22:08:58.976965+00:00');
INSERT INTO public.cid (id, code, name, active, created_at) VALUES ('900991ce-34fc-4ae6-8134-daa66556809e', 'F709', 'Retardo mental leve - sem menção de comprometimento do comportamento', true, '2026-05-15T22:08:58.976965+00:00');
INSERT INTO public.cid (id, code, name, active, created_at) VALUES ('710106e7-4376-4363-ae9d-6754f7a5484a', 'F710', 'Retardo mental moderado - menção de ausência de ou de comprometimento mínimo do comportamento', true, '2026-05-15T22:08:58.976965+00:00');
INSERT INTO public.cid (id, code, name, active, created_at) VALUES ('e4405498-ee40-4234-a942-d353c2979881', 'F711', 'Retardo mental moderado - comprometimento significativo do comportamento, requerendo vigilância ou tratamento', true, '2026-05-15T22:08:58.976965+00:00');
INSERT INTO public.cid (id, code, name, active, created_at) VALUES ('287b3a69-dae2-4e68-920d-061e5e5268bb', 'F718', 'Retardo mental moderado - outros comprometimentos do comportamento', true, '2026-05-15T22:08:58.976965+00:00');
INSERT INTO public.cid (id, code, name, active, created_at) VALUES ('3eabccaa-2ee0-4c1d-9da4-7ea3b074fe0d', 'F719', 'Retardo mental moderado - sem menção de comprometimento do comportamento', true, '2026-05-15T22:08:58.976965+00:00');
INSERT INTO public.cid (id, code, name, active, created_at) VALUES ('068fb008-a851-43e5-8850-8bac39735fc6', 'F720', 'Retardo mental grave - menção de ausência de ou de comprometimento mínimo do comportamento', true, '2026-05-15T22:08:58.976965+00:00');
INSERT INTO public.cid (id, code, name, active, created_at) VALUES ('33ff8e15-f0f4-420d-9bbf-67debefcef59', 'F721', 'Retardo mental grave - comprometimento significativo do comportamento, requerendo vigilância ou tratamento', true, '2026-05-15T22:08:58.976965+00:00');
INSERT INTO public.cid (id, code, name, active, created_at) VALUES ('9422672b-53e2-4dee-8b10-26f73ec70c6e', 'F728', 'Retardo mental grave - outros comprometimentos do comportamento', true, '2026-05-15T22:08:58.976965+00:00');
INSERT INTO public.cid (id, code, name, active, created_at) VALUES ('73f29b91-7252-49d1-9f8c-b6d48b499f71', 'F729', 'Retardo mental grave - sem menção de comprometimento do comportamento', true, '2026-05-15T22:08:58.976965+00:00');
INSERT INTO public.cid (id, code, name, active, created_at) VALUES ('1915294e-8058-47aa-bc2e-f55784728299', 'F730', 'Retardo mental profundo - menção de ausência de ou de comprometimento mínimo do comportamento', true, '2026-05-15T22:08:58.976965+00:00');
INSERT INTO public.cid (id, code, name, active, created_at) VALUES ('ed6a44e2-b432-43d7-85ac-e38eefbd2544', 'F731', 'Retardo mental profundo - comprometimento significativo do comportamento, requerendo vigilância ou tratamento', true, '2026-05-15T22:08:58.976965+00:00');
INSERT INTO public.cid (id, code, name, active, created_at) VALUES ('dccc9692-c51c-4fa0-9864-650897d6ef72', 'F738', 'Retardo mental profundo - outros comprometimentos do comportamento', true, '2026-05-15T22:08:58.976965+00:00');
INSERT INTO public.cid (id, code, name, active, created_at) VALUES ('f4da6c7d-ee80-492d-bd0d-de0ae5f5ca0d', 'F739', 'Retardo mental profundo - sem menção de comprometimento do comportamento', true, '2026-05-15T22:08:58.976965+00:00');
INSERT INTO public.cid (id, code, name, active, created_at) VALUES ('ed8c31f7-12de-4c1a-840f-d1ca42ded1ae', 'F780', 'Outro retardo mental - menção de ausência de ou de comprometimento mínimo do comportamento', true, '2026-05-15T22:08:58.976965+00:00');
INSERT INTO public.cid (id, code, name, active, created_at) VALUES ('9cc74947-d084-420d-9ba6-2a0252713fd8', 'F781', 'Outro retardo mental - comprometimento significativo do comportamento, requerendo vigilância ou tratamento', true, '2026-05-15T22:08:58.976965+00:00');
INSERT INTO public.cid (id, code, name, active, created_at) VALUES ('8b3a9285-6291-4e9e-b360-bd12c4e7d6b6', 'F788', 'Outro retardo mental - outros comprometimentos do comportamento', true, '2026-05-15T22:08:58.976965+00:00');
INSERT INTO public.cid (id, code, name, active, created_at) VALUES ('5716fe08-5c6e-4557-8763-c764b6b54dee', 'F789', 'Outro retardo mental - sem menção de comprometimento do comportamento', true, '2026-05-15T22:08:58.976965+00:00');
INSERT INTO public.cid (id, code, name, active, created_at) VALUES ('e7bc9981-ecef-4e6a-a937-942e32ae6f0c', 'F790', 'Retardo mental não especificado - menção de ausência de ou de comprometimento mínimo do comportamento', true, '2026-05-15T22:08:58.976965+00:00');
INSERT INTO public.cid (id, code, name, active, created_at) VALUES ('f7f6770c-c747-42fd-b77c-806680fc0e5b', 'F791', 'Retardo mental não especificado - comprometimento significativo do comportamento, requerendo vigilância ou tratamento', true, '2026-05-15T22:08:58.976965+00:00');
INSERT INTO public.cid (id, code, name, active, created_at) VALUES ('da63aa20-4e8a-4e04-ae14-b202be2c0232', 'F798', 'Retardo mental não especificado - outros comprometimentos do comportamento', true, '2026-05-15T22:08:58.976965+00:00');
INSERT INTO public.cid (id, code, name, active, created_at) VALUES ('372fb2cd-db88-4d43-b82f-2a254a172ef3', 'F799', 'Retardo mental não especificado - sem menção de comprometimento do comportamento', true, '2026-05-15T22:08:58.976965+00:00');
INSERT INTO public.cid (id, code, name, active, created_at) VALUES ('5596494a-bf31-4772-b35d-11b463c32845', 'F83', 'Transtornos específicos misto do desenvolvimento', true, '2026-05-15T22:08:58.976965+00:00');
INSERT INTO public.cid (id, code, name, active, created_at) VALUES ('5ffeb1d7-b1e4-4735-b12a-2d9d50f2276a', 'F840', 'Autismo infantil', true, '2026-05-15T22:08:58.976965+00:00');
INSERT INTO public.cid (id, code, name, active, created_at) VALUES ('e28dd032-5edf-44d6-9aa2-31f934291d3e', 'F841', 'Autismo atípico', true, '2026-05-15T22:08:58.976965+00:00');
INSERT INTO public.cid (id, code, name, active, created_at) VALUES ('009d2a03-e060-4227-9e40-11011f06433c', 'F842', 'Síndrome de Rett', true, '2026-05-15T22:08:58.976965+00:00');
INSERT INTO public.cid (id, code, name, active, created_at) VALUES ('88eba804-f3e3-464f-8021-5f98a9c85aea', 'F843', 'Outro transtorno desintegrativo da infância', true, '2026-05-15T22:08:58.976965+00:00');
INSERT INTO public.cid (id, code, name, active, created_at) VALUES ('89a1094b-de6e-4493-8e1c-b14eca114de8', 'F844', 'Transtorno com hipercinesia associada a retardo mental e a movimentos estereotipados', true, '2026-05-15T22:08:58.976965+00:00');
INSERT INTO public.cid (id, code, name, active, created_at) VALUES ('a9fe6a56-cbd7-476a-880b-f7afede6bc0e', 'F845', 'Síndrome de asperger', true, '2026-05-15T22:08:58.976965+00:00');
INSERT INTO public.cid (id, code, name, active, created_at) VALUES ('da34e0af-a36b-4d6d-951a-956c0af872e8', 'F848', 'Outros transtornos globais do desenvolvimento', true, '2026-05-15T22:08:58.976965+00:00');
INSERT INTO public.cid (id, code, name, active, created_at) VALUES ('fdd9b922-d5d3-4426-afcd-4c9e3bb3e2af', 'F849', 'Transtornos globais não especificados do desenvolvimento', true, '2026-05-15T22:08:58.976965+00:00');
INSERT INTO public.cid (id, code, name, active, created_at) VALUES ('e20c48bf-80f5-496b-a00a-76d78c32d227', 'G800', 'Paralisia cerebral quadriplágica espástica', true, '2026-05-15T22:08:58.976965+00:00');
INSERT INTO public.cid (id, code, name, active, created_at) VALUES ('b713c9e9-1dbd-4e10-b08f-f8e674183e26', 'G801', 'Paralisia cerebral diplégica espástica', true, '2026-05-15T22:08:58.976965+00:00');
INSERT INTO public.cid (id, code, name, active, created_at) VALUES ('bc816bc0-19d2-4421-a7ba-1d0ce114bf12', 'G802', 'Paralisia cerebral hemiplégica espástica', true, '2026-05-15T22:08:58.976965+00:00');
INSERT INTO public.cid (id, code, name, active, created_at) VALUES ('664964d7-b179-4fd0-a15b-ab83515be2f1', 'G803', 'Paralisia cerebral discinética', true, '2026-05-15T22:08:58.976965+00:00');
INSERT INTO public.cid (id, code, name, active, created_at) VALUES ('ff090dc4-d4dd-48e2-9ebf-562ace9bdf0a', 'G804', 'Paralisia cerebral atáxica', true, '2026-05-15T22:08:58.976965+00:00');
INSERT INTO public.cid (id, code, name, active, created_at) VALUES ('32c1c479-9b65-4dc4-ac02-9951b918aa20', 'G808', 'Outras formas de paralisia cerebral', true, '2026-05-15T22:08:58.976965+00:00');
INSERT INTO public.cid (id, code, name, active, created_at) VALUES ('7df4b7bf-deb5-4f24-ad7f-e89052202ac8', 'G809', 'Paralisia cerebral não especificada', true, '2026-05-15T22:08:58.976965+00:00');
INSERT INTO public.cid (id, code, name, active, created_at) VALUES ('32229ef0-eb40-4a57-9183-69618d1e8835', 'F819', 'Transtorno não especificado do desenvolvimento das habilidades escolares', true, '2026-05-16T00:35:09.819774+00:00');
INSERT INTO public.cid (id, code, name, active, created_at) VALUES ('aad96832-cf9b-4e25-afe3-8bd9f03e5997', 'F900', 'Distúrbios da atividade e da atenção', true, '2026-05-16T00:35:37.63682+00:00');
INSERT INTO public.cid (id, code, name, active, created_at) VALUES ('00122fe7-5ed4-447b-bec6-0a2857618c66', 'F985', 'Gagueira [tartamudez]', true, '2026-05-16T00:35:37.63682+00:00');
INSERT INTO public.cid (id, code, name, active, created_at) VALUES ('0be17560-96d9-4c89-a137-ec00e09a79e8', 'H833', 'Efeitos do ruído sobre o ouvido interno', true, '2026-05-16T00:35:37.63682+00:00');
INSERT INTO public.cid (id, code, name, active, created_at) VALUES ('3cff698d-6699-434d-b22e-e1c5c0776194', 'H900', 'Perda de audição bilateral devida a transtorno de condução', true, '2026-05-16T00:35:37.63682+00:00');
INSERT INTO public.cid (id, code, name, active, created_at) VALUES ('0d899b84-92f6-4ad6-9afa-93f99fc3b730', 'H901', 'Perda de audição unilateral por transtorno de condução, sem restrição de audição contralateral', true, '2026-05-16T00:35:37.63682+00:00');
INSERT INTO public.cid (id, code, name, active, created_at) VALUES ('acda2ea5-ffda-4982-8ba4-d9f57409de54', 'H902', 'Perda não especificada de audição devida a transtorno de condução', true, '2026-05-16T00:35:37.63682+00:00');
INSERT INTO public.cid (id, code, name, active, created_at) VALUES ('7b8a6fd6-38ff-4ee4-ae92-b7baf85c38fb', 'H903', 'Perda de audição bilateral neuro-sensorial', true, '2026-05-16T00:35:37.63682+00:00');
INSERT INTO public.cid (id, code, name, active, created_at) VALUES ('a07251d6-c83a-4d45-a5a2-fecf1c8a4914', 'H904', 'Perda de audição unilateral neuro-sensorial, sem restrição de audição contralateral', true, '2026-05-16T00:35:37.63682+00:00');
INSERT INTO public.cid (id, code, name, active, created_at) VALUES ('f66eab99-a5fd-4227-99f8-a5531ca075ab', 'H905', 'Perda de audição neuro-sensorial não especificada', true, '2026-05-16T00:35:37.63682+00:00');
INSERT INTO public.cid (id, code, name, active, created_at) VALUES ('16d5c790-338e-4c61-b104-5802fd1268f6', 'H906', 'Perda de audição bilateral mista, de condução e neuro-sensorial', true, '2026-05-16T00:35:37.63682+00:00');
INSERT INTO public.cid (id, code, name, active, created_at) VALUES ('b9813e2c-0656-426e-9caa-e2105ebcb358', 'H907', 'Perda de audição unilateral mista, de condução e neuro-sensorial, sem restrição de audição contralateral', true, '2026-05-16T00:35:37.63682+00:00');
INSERT INTO public.cid (id, code, name, active, created_at) VALUES ('3cbc304e-df70-4a0a-b803-0add2d47d0c2', 'H908', 'Perda de audição mista, de condução e neuro-sensorial, não especificada', true, '2026-05-16T00:35:37.63682+00:00');
INSERT INTO public.cid (id, code, name, active, created_at) VALUES ('09ef927c-599d-48f4-9fe5-e16d8403ad1c', 'H910', 'Perda de audição ototóxica', true, '2026-05-16T00:35:37.63682+00:00');
INSERT INTO public.cid (id, code, name, active, created_at) VALUES ('54b8dbbe-df02-470e-b3f2-41f48fb1b283', 'H911', 'Presbiacusia', true, '2026-05-16T00:35:37.63682+00:00');
INSERT INTO public.cid (id, code, name, active, created_at) VALUES ('4adad1dd-6a05-4249-8a3a-f7963fc4c6af', 'H912', 'Perda de audição súbita idiopática', true, '2026-05-16T00:35:37.63682+00:00');
INSERT INTO public.cid (id, code, name, active, created_at) VALUES ('1e841720-7c16-4aa4-874a-b1541a231c16', 'H913', 'Surdo-mudez não classificada em outra parte', true, '2026-05-16T00:35:37.63682+00:00');
INSERT INTO public.cid (id, code, name, active, created_at) VALUES ('ed50bffc-7c84-466d-9393-cc40e166b57f', 'H918', 'Outras perdas de audição especificadas', true, '2026-05-16T00:35:37.63682+00:00');
INSERT INTO public.cid (id, code, name, active, created_at) VALUES ('a35a077b-49ea-463c-9fc4-c3d9e342366e', 'H919', 'Perda não especificada de audição', true, '2026-05-16T00:35:37.63682+00:00');
INSERT INTO public.cid (id, code, name, active, created_at) VALUES ('5a70790d-e807-4b94-a940-ef37dd0bd205', 'H932', 'Outras percepções auditivas anormais', true, '2026-05-16T00:35:37.63682+00:00');
INSERT INTO public.cid (id, code, name, active, created_at) VALUES ('b21ea19c-831c-4e0f-ab75-380dbe66bdbc', 'R49', 'Distúrbios da voz', true, '2026-05-16T00:35:37.63682+00:00');
INSERT INTO public.cid (id, code, name, active, created_at) VALUES ('32fe219a-20a0-41b2-a43f-98a8d2f2e397', 'R490', 'Disfonia', true, '2026-05-16T00:35:37.63682+00:00');
INSERT INTO public.cid (id, code, name, active, created_at) VALUES ('c8c2c794-5dc3-4abc-a199-1744194788fb', 'R491', 'Afonia', true, '2026-05-16T00:35:37.63682+00:00');
INSERT INTO public.cid (id, code, name, active, created_at) VALUES ('1a5fadd3-eb77-40c1-aac5-016b71255f0f', 'R498', 'Outros distúrbios da voz e os não especificados', true, '2026-05-16T00:35:37.63682+00:00');
INSERT INTO public.cid (id, code, name, active, created_at) VALUES ('69df7e0e-eeb7-4f44-b8c6-9fbfac077642', 'F810', 'Transtorno específico de leitura', true, '2026-05-16T00:36:31.223146+00:00');
INSERT INTO public.cid (id, code, name, active, created_at) VALUES ('27c73f73-77ed-4b25-9ecb-e823d674809d', 'F82', 'Transtorno específico do desenvolvimento motor', true, '2026-05-16T00:36:31.223146+00:00');
INSERT INTO public.cid (id, code, name, active, created_at) VALUES ('797f74bb-df5a-474e-bfd1-ab2fb4bd2335', 'F88', 'Outros transtornos do desenvolvimento psicológico', true, '2026-05-16T00:36:31.223146+00:00');
INSERT INTO public.cid (id, code, name, active, created_at) VALUES ('aaad5796-7552-426b-a051-b4ae09a1f4ee', 'F89', 'Transtorno do desenvolvimento psicológico não especificado', true, '2026-05-16T00:36:31.223146+00:00');
INSERT INTO public.cid (id, code, name, active, created_at) VALUES ('8070ebef-4578-4f5d-92cf-c34a78ec864e', 'F910', 'Distúrbio de conduta restrito ao contexto familiar', true, '2026-05-16T00:36:31.223146+00:00');
INSERT INTO public.cid (id, code, name, active, created_at) VALUES ('7aa9efae-b86c-4602-877b-29eaf0126837', 'F920', 'Distúrbio depressivo de conduta', true, '2026-05-16T00:36:31.223146+00:00');
INSERT INTO public.cid (id, code, name, active, created_at) VALUES ('903efd48-e7d7-490f-b9b2-0d8518ad729e', 'F930', 'Transtorno ligado à angústia de separação', true, '2026-05-16T00:36:31.223146+00:00');
INSERT INTO public.cid (id, code, name, active, created_at) VALUES ('01547ee7-548d-4652-bd50-07b645445e0a', 'F940', 'Mutismo eletivo', true, '2026-05-16T00:36:31.223146+00:00');
INSERT INTO public.cid (id, code, name, active, created_at) VALUES ('8ec56e8d-a052-4dfe-a86c-3791a93ded91', 'F980', 'Enurese de origem não-orgânica', true, '2026-05-16T00:36:31.223146+00:00');
INSERT INTO public.cid (id, code, name, active, created_at) VALUES ('e0f6f078-7362-44e3-bbbc-efae33af42ed', 'H540', 'Cegueira, ambos os olhos', true, '2026-05-16T00:36:31.223146+00:00');

-- Table: public.contracts (2 rows)
INSERT INTO public.contracts (id, clinic_id, contract_number, valid_from, valid_to, valor_total, valor_saldo, active, created_at, updated_at) VALUES ('c43a1ea8-bbce-495f-b5b3-f2fb2b3b0640', 'e18f78d8-e7e3-4d04-b842-63d1bc1b9e5e', '49-FMS/PMM/2026', '2025-02-03', '2027-02-02', 1250010, 1250010, true, '2026-05-19T02:43:05.581004+00:00', '2026-05-19T03:04:16.498+00:00');
INSERT INTO public.contracts (id, clinic_id, contract_number, valid_from, valid_to, valor_total, valor_saldo, active, created_at, updated_at) VALUES ('d955df61-8307-4aab-b40a-5749f6cbe66f', 'e91febef-a914-40d5-a3c6-f43d35333cab', '473-FMS/PMM/2025', '2025-11-27', '2026-11-26', 1344310, 1344310, true, '2026-05-19T02:43:05.581004+00:00', '2026-05-19T03:16:17.821+00:00');

-- Table: public.system_metadata (1 rows)
INSERT INTO public.system_metadata (id, current_version, updated_at) VALUES ('de740b70-9b47-4ec0-a2c6-eb65c7b8a31c', '0.9.7-beta', '2026-05-15T23:13:08.0511+00:00');

-- Table: public.system_settings (6 rows)
INSERT INTO public.system_settings (key, value, description, updated_at) VALUES ('enable_token_rotation', 'false'::jsonb, 'Enable automatic patient token rotation after successful validation', '2026-05-03T17:35:57.033371+00:00');
INSERT INTO public.system_settings (key, value, description, updated_at) VALUES ('geofencing_threshold_meters', '100'::jsonb, 'Maximum allowed distance (in meters) between patient and clinic for a session to be considered local', '2026-05-03T18:06:48.25+00:00');
INSERT INTO public.system_settings (key, value, description, updated_at) VALUES ('allow_future_attendances', 'false'::jsonb, 'Permite o registro de sessões com data posterior à data atual', '2026-05-03T19:26:51.812+00:00');
INSERT INTO public.system_settings (key, value, description, updated_at) VALUES ('system_timezone', '"America/Sao_Paulo"'::jsonb, 'Fuso horário do sistema (ex: America/Sao_Paulo)', '2026-05-03T19:49:20.953405+00:00');
INSERT INTO public.system_settings (key, value, description, updated_at) VALUES ('system_timezone_offset', '"-03:00"'::jsonb, 'Deslocamento do fuso horário em relação a UTC (ex: -03:00)', '2026-05-03T19:49:20.953405+00:00');
INSERT INTO public.system_settings (key, value, description, updated_at) VALUES ('signature_window_hours', '1'::jsonb, 'Intervalo (em horas) permitido para assinatura do paciente em relação ao horário marcado', '2026-05-13T02:15:39.328+00:00');

-- Table: public.import_batches (0 rows)

-- Table: public.professionals (51 rows)
INSERT INTO public.professionals (id, name, cns, cbo, active, created_at, specialty_id, email, document_type, document_number, cpf) VALUES ('147f4b5f-9892-45b0-9413-f5dc19900a85', 'ACAUA VENICIUS KUMMER VALK', '898004845565171', NULL, true, '2026-03-13T20:53:15.401455+00:00', NULL, NULL, '', '', NULL);
INSERT INTO public.professionals (id, name, cns, cbo, active, created_at, specialty_id, email, document_type, document_number, cpf) VALUES ('89e3b27b-dbf4-48b3-833e-6a796e8a7d2a', 'ELINE SOUZA DA SILVA', '700006859726002', NULL, true, '2026-04-29T19:28:47.840367+00:00', NULL, NULL, '', '', NULL);
INSERT INTO public.professionals (id, name, cns, cbo, active, created_at, specialty_id, email, document_type, document_number, cpf) VALUES ('db76a30a-d107-4879-9a7c-17c1b34f509b', '	EDUARDA RABELO RAMOS', '705603458418016', NULL, true, '2026-04-29T19:31:52.36229+00:00', NULL, NULL, '', '', NULL);
INSERT INTO public.professionals (id, name, cns, cbo, active, created_at, specialty_id, email, document_type, document_number, cpf) VALUES ('fb48209f-cdfe-4a82-8103-668dc7e172b6', 'LUARA VIEIRA MORAIS DE ALCANTARA', '705009211024655', NULL, true, '2026-04-29T19:39:28.758237+00:00', NULL, NULL, '', '', NULL);
INSERT INTO public.professionals (id, name, cns, cbo, active, created_at, specialty_id, email, document_type, document_number, cpf) VALUES ('499d7d5e-7a17-4f13-b2ed-7b2598c00a38', 'FABIANE RODRIGUES CANTUARIO', '704003882643266', NULL, true, '2026-04-29T19:42:05.442929+00:00', NULL, NULL, '', '', NULL);
INSERT INTO public.professionals (id, name, cns, cbo, active, created_at, specialty_id, email, document_type, document_number, cpf) VALUES ('32dcc841-0808-4703-ae6f-c875cf32d425', 'LUCAS ROBERTO COSTA DA SILVA', '702908571891977', NULL, true, '2026-04-29T20:01:55.884962+00:00', NULL, NULL, '', '', NULL);
INSERT INTO public.professionals (id, name, cns, cbo, active, created_at, specialty_id, email, document_type, document_number, cpf) VALUES ('0c8c00d8-2d83-4f0d-8d74-d415d874c376', 'LAIS PARLANDIN CARVALHO', '700007161740503', NULL, true, '2026-04-29T20:09:27.926306+00:00', NULL, NULL, '', '', NULL);
INSERT INTO public.professionals (id, name, cns, cbo, active, created_at, specialty_id, email, document_type, document_number, cpf) VALUES ('eb569e0c-c710-4861-b094-825e2c35a82e', 'ADRIANO VIEGAS RODRIGUES', '705704432444230', NULL, true, '2026-03-13T01:27:03.259322+00:00', '25db58dd-613d-409d-ac58-ecf8536656da', 'adrianovrodrigues@gmail.com', 'CRFA', '17032', NULL);
INSERT INTO public.professionals (id, name, cns, cbo, active, created_at, specialty_id, email, document_type, document_number, cpf) VALUES ('d9a81b63-8d9b-480f-9432-f4824cf4b512', 'ADEIBSON SILVA ARAUJO', '700002663876709', NULL, true, '2026-03-13T20:55:03.421191+00:00', NULL, NULL, '', '', NULL);
INSERT INTO public.professionals (id, name, cns, cbo, active, created_at, specialty_id, email, document_type, document_number, cpf) VALUES ('e46800a7-1839-49b2-8a0b-7e7c3a68eab2', 'JULIANA BANDEIRA MONTEIRO SILVA', '708405779955065', NULL, true, '2026-03-13T21:39:27.771052+00:00', NULL, NULL, '', '', NULL);
INSERT INTO public.professionals (id, name, cns, cbo, active, created_at, specialty_id, email, document_type, document_number, cpf) VALUES ('4f9cd0e1-62de-4d6d-ac12-129eb8076c09', 'JULIANA PORTELA FONSECA', '700305438011240', NULL, true, '2026-03-13T21:39:58.6475+00:00', NULL, NULL, '', '', NULL);
INSERT INTO public.professionals (id, name, cns, cbo, active, created_at, specialty_id, email, document_type, document_number, cpf) VALUES ('40ee8363-5320-4da6-8d8e-8377c6ddfffd', 'LETICIA DA SILVA E SILVA', '700600990535664', NULL, true, '2026-03-13T21:41:02.599023+00:00', NULL, NULL, '', '', NULL);
INSERT INTO public.professionals (id, name, cns, cbo, active, created_at, specialty_id, email, document_type, document_number, cpf) VALUES ('fbdd9cc1-8fe4-408e-a448-ae95d58bff67', 'LILIAN FAMMER ALMEIDA BATISTA', '700306902748936', NULL, true, '2026-03-13T21:41:56.804674+00:00', NULL, NULL, '', '', NULL);
INSERT INTO public.professionals (id, name, cns, cbo, active, created_at, specialty_id, email, document_type, document_number, cpf) VALUES ('66e1d80c-a63a-4ece-8456-335175424f4c', 'LUCIVALDO GUEDES NUNES DE FREITAS JUNIOR', '708008856683628', NULL, true, '2026-03-13T21:42:28.613324+00:00', NULL, NULL, '', '', NULL);
INSERT INTO public.professionals (id, name, cns, cbo, active, created_at, specialty_id, email, document_type, document_number, cpf) VALUES ('da1c84c3-e637-43d9-9e71-53f4fcbc592d', 'MAIANDRA PEREIRA GALVAO', '706704272783820', NULL, true, '2026-03-13T21:43:10.006809+00:00', NULL, NULL, '', '', NULL);
INSERT INTO public.professionals (id, name, cns, cbo, active, created_at, specialty_id, email, document_type, document_number, cpf) VALUES ('fa46bbab-0ef4-41e5-8841-84a59b2f3457', 'MARCOS DAVI LIMA DA SILVA', '705803479601934', NULL, true, '2026-03-13T21:43:43.091106+00:00', NULL, NULL, '', '', NULL);
INSERT INTO public.professionals (id, name, cns, cbo, active, created_at, specialty_id, email, document_type, document_number, cpf) VALUES ('f8f7b04f-cf89-47b2-8163-e44b4d1e42a8', 'MONALISA PEREIRA DE MIRANDA', '706703561275815', NULL, true, '2026-03-13T21:44:18.215634+00:00', NULL, NULL, '', '', NULL);
INSERT INTO public.professionals (id, name, cns, cbo, active, created_at, specialty_id, email, document_type, document_number, cpf) VALUES ('239c8bea-7193-4648-a39e-1787b16bd1cf', 'RIZIA MORAES LACERDA', '709500653588570', NULL, true, '2026-03-13T21:44:47.36485+00:00', NULL, NULL, '', '', NULL);
INSERT INTO public.professionals (id, name, cns, cbo, active, created_at, specialty_id, email, document_type, document_number, cpf) VALUES ('ae987b81-4ca8-4790-a9ad-ce0d456de649', 'RODRIGO ARAUJO LIMA ALMEIDA', '700003509162603', NULL, true, '2026-03-13T21:45:26.561508+00:00', NULL, NULL, '', '', NULL);
INSERT INTO public.professionals (id, name, cns, cbo, active, created_at, specialty_id, email, document_type, document_number, cpf) VALUES ('de3612e0-77c5-4cc3-9b33-bda13402c93c', 'SILVIA CAROLINA SOUZA ALVES', '702806665144562', NULL, true, '2026-03-13T21:45:57.912024+00:00', NULL, NULL, '', '', NULL);
INSERT INTO public.professionals (id, name, cns, cbo, active, created_at, specialty_id, email, document_type, document_number, cpf) VALUES ('8f1be2f2-1939-41fc-8fd6-5122299060cd', 'SILVIA LUISE MALCHER FERNANDES', '700000080375906', NULL, true, '2026-03-13T21:47:23.525003+00:00', NULL, NULL, '', '', NULL);
INSERT INTO public.professionals (id, name, cns, cbo, active, created_at, specialty_id, email, document_type, document_number, cpf) VALUES ('e9ac02d1-3a52-4613-bf99-c075929f50db', '	CATRICIA GABRIELLE BARBOSA CUNHA', '700.4059.1155.8646', NULL, true, '2026-04-29T19:33:35.853264+00:00', NULL, NULL, '', '', NULL);
INSERT INTO public.professionals (id, name, cns, cbo, active, created_at, specialty_id, email, document_type, document_number, cpf) VALUES ('dfa2eb54-2cc3-46b8-b111-4cfd2c19b421', 'ALINE PEREIRA XIMENDE', '700002161835100', NULL, true, '2026-03-13T21:00:01.345705+00:00', NULL, NULL, '', '', NULL);
INSERT INTO public.professionals (id, name, cns, cbo, active, created_at, specialty_id, email, document_type, document_number, cpf) VALUES ('98986c3d-0d34-4e76-813c-063742e3c6da', 'BEATRIZ SILVA SOUZA', '700007122676808', NULL, true, '2026-03-13T21:00:51.632044+00:00', NULL, NULL, '', '', NULL);
INSERT INTO public.professionals (id, name, cns, cbo, active, created_at, specialty_id, email, document_type, document_number, cpf) VALUES ('dc06eec7-2ef3-4dd8-bd0f-32d9470a4769', 'ELDA BANDEIRA BARROS', '708104541862734', NULL, true, '2026-03-13T21:01:22.729799+00:00', NULL, NULL, '', '', NULL);
INSERT INTO public.professionals (id, name, cns, cbo, active, created_at, specialty_id, email, document_type, document_number, cpf) VALUES ('960f1761-73ec-4877-ae82-2b3d55f8a8d5', 'FERNANDA DOS SANTOS CABRAL SOUSA', '706709591005811', NULL, true, '2026-03-13T21:03:18.392995+00:00', NULL, NULL, '', '', NULL);
INSERT INTO public.professionals (id, name, cns, cbo, active, created_at, specialty_id, email, document_type, document_number, cpf) VALUES ('753d0169-0b77-4e02-ac36-6329436de669', 'JANE PEREIRA DO NASCIMENTO', '708104519771233', NULL, true, '2026-03-13T21:05:46.79188+00:00', NULL, NULL, '', '', NULL);
INSERT INTO public.professionals (id, name, cns, cbo, active, created_at, specialty_id, email, document_type, document_number, cpf) VALUES ('5a315f13-3b1c-4294-bf33-109766820c24', 'LEANDRO DE OLIVEIRA SANTANA', '707006891026131', NULL, true, '2026-03-13T21:06:23.454508+00:00', NULL, NULL, '', '', NULL);
INSERT INTO public.professionals (id, name, cns, cbo, active, created_at, specialty_id, email, document_type, document_number, cpf) VALUES ('47aedb3c-083a-48dd-a714-cab6c2204cca', 'LUIZ FELIPE BEZERRA DOMINGUES', '700806949394680', NULL, true, '2026-03-13T21:07:01.000337+00:00', NULL, NULL, '', '', NULL);
INSERT INTO public.professionals (id, name, cns, cbo, active, created_at, specialty_id, email, document_type, document_number, cpf) VALUES ('e48ed111-eea7-4609-b233-ceadeb1b5984', 'LYANA SILVA GONÇALVES', '702508343442934', NULL, true, '2026-03-13T21:07:43.601148+00:00', NULL, NULL, '', '', NULL);
INSERT INTO public.professionals (id, name, cns, cbo, active, created_at, specialty_id, email, document_type, document_number, cpf) VALUES ('2a015f09-a202-4c08-ace6-03c65a21fdfb', 'MAICO ESTEVAM RODRIGUES', '701009829670298', NULL, true, '2026-03-13T21:08:25.706844+00:00', NULL, NULL, '', '', NULL);
INSERT INTO public.professionals (id, name, cns, cbo, active, created_at, specialty_id, email, document_type, document_number, cpf) VALUES ('9a21d0cd-ff6b-488e-8a4e-c06ab3a645a1', 'MARTA CLEIA AIRES DOS PASSOS', '706705505669015', NULL, true, '2026-03-13T21:09:06.89869+00:00', NULL, NULL, '', '', NULL);
INSERT INTO public.professionals (id, name, cns, cbo, active, created_at, specialty_id, email, document_type, document_number, cpf) VALUES ('5ec12ff9-6037-4877-94af-cc409b5244cb', 'ODEMIR SOUZA DE CARVALHO JUNIOR', '706907101174936', NULL, true, '2026-03-13T21:09:40.003087+00:00', NULL, NULL, '', '', NULL);
INSERT INTO public.professionals (id, name, cns, cbo, active, created_at, specialty_id, email, document_type, document_number, cpf) VALUES ('678d7635-781f-4f54-8dcf-c4ffdde51006', 'THAIS CARVALHO COSTA', '706401114508489', NULL, true, '2026-03-13T21:10:16.184936+00:00', NULL, NULL, '', '', NULL);
INSERT INTO public.professionals (id, name, cns, cbo, active, created_at, specialty_id, email, document_type, document_number, cpf) VALUES ('6cb4deca-4447-419b-84a6-8593891e2bf4', 'WALKIMAR GUEDES SILVA AMORIM', '705003803712551', NULL, true, '2026-03-13T21:10:59.805534+00:00', NULL, NULL, '', '', NULL);
INSERT INTO public.professionals (id, name, cns, cbo, active, created_at, specialty_id, email, document_type, document_number, cpf) VALUES ('b9361ea7-6478-483f-a5d8-38bfebb246f0', 'AMANDA CAROLINE MONTEIRO RAMOS', '700207914661328', NULL, true, '2026-03-13T21:24:35.839467+00:00', NULL, NULL, '', '', NULL);
INSERT INTO public.professionals (id, name, cns, cbo, active, created_at, specialty_id, email, document_type, document_number, cpf) VALUES ('3435139b-0698-4c1b-b5c4-1d18f1f0bde6', 'ANA LUIZA TELES HOLANDA', '702000313136883', NULL, true, '2026-03-13T21:26:00.664453+00:00', NULL, NULL, '', '', NULL);
INSERT INTO public.professionals (id, name, cns, cbo, active, created_at, specialty_id, email, document_type, document_number, cpf) VALUES ('da1365a5-c6fd-4f14-8de5-c776ed43a0e6', 'ANNA KASSYA MORAES ACACIO', '704702759382231', NULL, true, '2026-03-13T21:26:31.733557+00:00', NULL, NULL, '', '', NULL);
INSERT INTO public.professionals (id, name, cns, cbo, active, created_at, specialty_id, email, document_type, document_number, cpf) VALUES ('05b6d403-e811-4c15-8061-82c8b7a82ca6', 'ANTONIA VIEIRA NASCIMENTO OLIVEIRA DE MACEDO', '708203645861244', NULL, true, '2026-03-13T21:27:46.803096+00:00', NULL, NULL, '', '', NULL);
INSERT INTO public.professionals (id, name, cns, cbo, active, created_at, specialty_id, email, document_type, document_number, cpf) VALUES ('71e90ad7-65e3-47bb-9a7d-519752edb55d', 'APARECIDA ADLA MACENO DE MOURA', '706003873698440', NULL, true, '2026-03-13T21:28:47.37025+00:00', NULL, NULL, '', '', NULL);
INSERT INTO public.professionals (id, name, cns, cbo, active, created_at, specialty_id, email, document_type, document_number, cpf) VALUES ('479d8de5-72a3-4d8f-88e8-20c303d76d72', 'BRUNA BORGES DA SILVA', '700002507149803', NULL, true, '2026-03-13T21:30:40.470439+00:00', NULL, NULL, '', '', NULL);
INSERT INTO public.professionals (id, name, cns, cbo, active, created_at, specialty_id, email, document_type, document_number, cpf) VALUES ('cfbaa8f3-c5b2-4e15-b27e-aa5a5adb0c29', 'CLAUDIA JULIANA OLIVEIRA DOS SANTOS', '708702153090990', NULL, true, '2026-03-13T21:31:28.158815+00:00', NULL, NULL, '', '', NULL);
INSERT INTO public.professionals (id, name, cns, cbo, active, created_at, specialty_id, email, document_type, document_number, cpf) VALUES ('42ec26be-3c02-4ff5-a52e-793f71734bd9', 'CRISTIANE HOLLERWEGER', '708703194719495', NULL, true, '2026-03-13T21:32:29.434434+00:00', NULL, NULL, '', '', NULL);
INSERT INTO public.professionals (id, name, cns, cbo, active, created_at, specialty_id, email, document_type, document_number, cpf) VALUES ('91d8328f-42c4-4e31-8346-322e103b0d2a', 'DEUSILENE DA CONCEIÇÃO SILVA', '702505734487240', NULL, true, '2026-03-13T21:33:15.385554+00:00', NULL, NULL, '', '', NULL);
INSERT INTO public.professionals (id, name, cns, cbo, active, created_at, specialty_id, email, document_type, document_number, cpf) VALUES ('bdeea4a1-0c07-4ca1-b15f-d02a3d0345e3', 'ELLEN DEBORA DE JESUS PINTO', '708303704536560', NULL, true, '2026-03-13T21:33:56.735166+00:00', NULL, NULL, '', '', NULL);
INSERT INTO public.professionals (id, name, cns, cbo, active, created_at, specialty_id, email, document_type, document_number, cpf) VALUES ('cd15ce49-ed9f-48b9-90d8-809ec8d6d603', 'FRANCISCA ADAILMA VIEIRA NASCIMENTO OLIVEIRA', '708306791368060', NULL, true, '2026-03-13T21:34:45.512453+00:00', NULL, NULL, '', '', NULL);
INSERT INTO public.professionals (id, name, cns, cbo, active, created_at, specialty_id, email, document_type, document_number, cpf) VALUES ('fa3933a0-3397-4e37-a961-77f1825ec29a', 'GILDOMAR SANTOS CRIZ JUNIOR', '705009460963159', NULL, true, '2026-03-13T21:35:30.323841+00:00', NULL, NULL, '', '', NULL);
INSERT INTO public.professionals (id, name, cns, cbo, active, created_at, specialty_id, email, document_type, document_number, cpf) VALUES ('bd4721d6-8aec-4c64-a413-b0854bdfcf2f', 'ICARO CAMINHA PACHECO', '703604047909630', NULL, true, '2026-03-13T21:36:29.339148+00:00', NULL, NULL, '', '', NULL);
INSERT INTO public.professionals (id, name, cns, cbo, active, created_at, specialty_id, email, document_type, document_number, cpf) VALUES ('235caebd-24b1-40b4-9a6c-245047eeba3a', 'IVONILDE PEREIRA VASCONCELOS', '700702949973173', NULL, true, '2026-03-13T21:37:26.054916+00:00', NULL, NULL, '', '', NULL);
INSERT INTO public.professionals (id, name, cns, cbo, active, created_at, specialty_id, email, document_type, document_number, cpf) VALUES ('75d2eb02-8f85-4a85-a520-7f491b2cbd51', 'JADER PETRUCELI', '700209948370921', NULL, true, '2026-03-13T21:38:11.058791+00:00', NULL, NULL, '', '', NULL);
INSERT INTO public.professionals (id, name, cns, cbo, active, created_at, specialty_id, email, document_type, document_number, cpf) VALUES ('1ae476a2-66b9-4299-8948-21b48c2facbb', 'JAQUELINE BANDEIRA DE FRANCA', '702407352257230', NULL, true, '2026-03-13T21:38:41.801987+00:00', NULL, NULL, '', '', NULL);

-- Table: public.patients (19 rows)
INSERT INTO public.patients (id, name, cns_patient, mother_name, address, city, birth_date, gender, phone, race_color, cep, created_at, state, medical_record_number, clinic_id, active, auth_token, token_updated_at, pin_hash, cpf, address_street, address_number, address_complement, address_neighborhood, ibge_code, nationality, ethnicity) VALUES ('696b3280-65ea-4519-aa0c-66b064d5e6bd', 'DAVI LIMA DE SOUSA SANTOS', '898005816937555', 'MÃE DO DAVI', '', 'Marabá', '2018-01-01', 'Masculino', '', 'Parda', '', '2026-03-13T01:54:15.929679+00:00', 'PA', '', 'e18f78d8-e7e3-4d04-b842-63d1bc1b9e5e', true, '975477', '2026-05-02T22:11:12.853815+00:00', '$2a$06$9XdO31uqhC4m/GYaVYIUj.VjveW.hqUDff.6OsBlPEZJbtshkDin6', NULL, NULL, NULL, NULL, NULL, NULL, '010', NULL);
INSERT INTO public.patients (id, name, cns_patient, mother_name, address, city, birth_date, gender, phone, race_color, cep, created_at, state, medical_record_number, clinic_id, active, auth_token, token_updated_at, pin_hash, cpf, address_street, address_number, address_complement, address_neighborhood, ibge_code, nationality, ethnicity) VALUES ('c6e23688-4664-4026-a62f-bdfefd039ef6', 'EVELISE JULIANA DOS SANTOS DREWS', '709208208366133', 'AMANDA THACILA DOS SANTOS DA COSTA', 'FOLHA 19 QUADRA 06 LOTE 09', 'MARABÁ', '2021-04-29', 'Feminino', '(94) 99269-8780', 'Parda', '68513-540', '2026-03-26T12:50:24.641055+00:00', 'PA', '', 'e18f78d8-e7e3-4d04-b842-63d1bc1b9e5e', true, '475284', '2026-05-02T22:11:12.853815+00:00', '$2a$06$1Z5SWmjDBlNT7IDJyjVNXeeHOQCTn3ZfTAnBVAJwOSN5MIuF/Vo2a', NULL, NULL, NULL, NULL, NULL, NULL, '010', NULL);
INSERT INTO public.patients (id, name, cns_patient, mother_name, address, city, birth_date, gender, phone, race_color, cep, created_at, state, medical_record_number, clinic_id, active, auth_token, token_updated_at, pin_hash, cpf, address_street, address_number, address_complement, address_neighborhood, ibge_code, nationality, ethnicity) VALUES ('37786654-f4b3-4645-9adc-ec49c16f8d22', 'LIA KETLEN SILVA MIRANDA ', '702800166699164', 'DAIENE DE SOUZA MIRANDA', 'AVENIDA MARIA ADELINA CASA B NUMERO 1143 - INDEPENDENCIA', 'MARABÁ', '2022-11-21', 'Feminino', '(94) 99111-1079', 'Parda', '68513-540', '2026-03-26T13:02:36.892538+00:00', 'PA', '', 'e18f78d8-e7e3-4d04-b842-63d1bc1b9e5e', true, '000789', '2026-05-02T22:11:12.853815+00:00', '$2a$06$lr7ILtDHZF6yt6w4LiR9pOJYYA54mOzjBGo/5Y77.MEKknlVsPZEa', NULL, NULL, NULL, NULL, NULL, NULL, '010', NULL);
INSERT INTO public.patients (id, name, cns_patient, mother_name, address, city, birth_date, gender, phone, race_color, cep, created_at, state, medical_record_number, clinic_id, active, auth_token, token_updated_at, pin_hash, cpf, address_street, address_number, address_complement, address_neighborhood, ibge_code, nationality, ethnicity) VALUES ('d629ce38-9129-4ba6-bb10-1a0a75c5a0bc', 'PEDRO HEITOR NASCIMENTO BEZERRA', '707502243936590', 'JANE PEREIRA DO NASCIMENTO BEZERRA', 'FOLHA 20 QUADRA 15 LOTE 01', 'MARABA', '2013-07-11', 'Masculino', '(94) 98147-2534', 'Parda', '', '2026-03-26T13:30:30.210328+00:00', 'PA', '', 'e18f78d8-e7e3-4d04-b842-63d1bc1b9e5e', true, '789841', '2026-05-02T22:11:12.853815+00:00', '$2a$06$UFN1MMaCMHd2Ro76d3y2GenW/ULWR7Vjph0UZTO6I5kbf4nBbGBTS', NULL, NULL, NULL, NULL, NULL, NULL, '010', NULL);
INSERT INTO public.patients (id, name, cns_patient, mother_name, address, city, birth_date, gender, phone, race_color, cep, created_at, state, medical_record_number, clinic_id, active, auth_token, token_updated_at, pin_hash, cpf, address_street, address_number, address_complement, address_neighborhood, ibge_code, nationality, ethnicity) VALUES ('1230bb81-db25-4e31-8446-90eb9fa9033d', 'ARTHUR AZOR CALDAS', '708.6045.6254.9283', 'ANDRELINA SILVA CALDAS', 'FOLHA 08 QUADRA 19 - NOVA MARABÁ', 'Marabá', '2019-07-03', 'Masculino', '', 'Parda', '68500-020', '2026-03-27T12:11:33.065352+00:00', 'PA', '', 'e91febef-a914-40d5-a3c6-f43d35333cab', true, '274154', '2026-05-02T22:11:12.853815+00:00', '$2a$06$vOwRB/JcrTAzFLR1unBAYeXW/RFjB.R617/xUWbZeD.eKE4CC4ooO', NULL, 'Avenida Marechal Deodoro', '1262', '', 'Velha Marabá', '1504208', '010', NULL);
INSERT INTO public.patients (id, name, cns_patient, mother_name, address, city, birth_date, gender, phone, race_color, cep, created_at, state, medical_record_number, clinic_id, active, auth_token, token_updated_at, pin_hash, cpf, address_street, address_number, address_complement, address_neighborhood, ibge_code, nationality, ethnicity) VALUES ('e3c6f656-89a0-417d-8440-46308779b626', 'ARTHUR BENICIO COSTA SILVA', '700000191364503', 'ANDREINA FERREIRA DA COSTA', 'FOLHA 31 QUADRA 4 LOTE 37 - NOVA MARABÁ', 'Marabá', '2018-07-05', 'Masculino', '(94) 99229-3320', 'Parda', '68501-538', '2026-03-26T13:54:04.141256+00:00', 'PA', '', 'e18f78d8-e7e3-4d04-b842-63d1bc1b9e5e', true, '316566', '2026-05-02T22:11:12.853815+00:00', '$2a$06$pSCH1lch4LgyfOkcQFYYwua0d3AdqJeL1ihmeZCdIshf7Nyo1dpoa', NULL, 'Rua Miguel Basílio', '123', '', 'Cidade Nova', '1504208', '010', NULL);
INSERT INTO public.patients (id, name, cns_patient, mother_name, address, city, birth_date, gender, phone, race_color, cep, created_at, state, medical_record_number, clinic_id, active, auth_token, token_updated_at, pin_hash, cpf, address_street, address_number, address_complement, address_neighborhood, ibge_code, nationality, ethnicity) VALUES ('5f5ba54f-c53f-4b36-b7e4-f91dc55a6a12', 'HENRY LORENZO ANDRADE SILVA', '704202287492882', 'VANESSA FERNANDES DE ANDRADE', '', 'MARABA', '2018-08-18', 'Masculino', '(94) 99112-3771', 'Parda', '', '2026-03-26T13:34:06.826176+00:00', 'PA', '', 'e18f78d8-e7e3-4d04-b842-63d1bc1b9e5e', true, '166552', '2026-05-02T22:11:12.853815+00:00', '$2a$06$7f9xOxBV5fljAMkSbyh.pOlpvvEN.Zli8r.3y2NC2F/RhuvG6CdOG', NULL, NULL, NULL, NULL, NULL, NULL, '010', NULL);
INSERT INTO public.patients (id, name, cns_patient, mother_name, address, city, birth_date, gender, phone, race_color, cep, created_at, state, medical_record_number, clinic_id, active, auth_token, token_updated_at, pin_hash, cpf, address_street, address_number, address_complement, address_neighborhood, ibge_code, nationality, ethnicity) VALUES ('30283dcf-2b05-4467-8052-67589a8b60cb', 'JORGE GUILHERME HILL AMERICO CORREA', '706800282409722', 'GESSICA AMERICO DE SOUZA', 'FOLHA 21 QUADRA 08 LOTE 03', 'MARABÁ', '2019-04-23', 'Masculino', '(91) 98580-8489', 'Parda', '', '2026-03-26T13:44:09.424686+00:00', 'PA', '', 'e18f78d8-e7e3-4d04-b842-63d1bc1b9e5e', true, '433612', '2026-05-02T22:11:12.853815+00:00', '$2a$06$93.B6wh.AVYaj7wd5rsMTO3I1qkTaRetbBnkKmvhLzdsN41b4xaMS', NULL, NULL, NULL, NULL, NULL, NULL, '010', NULL);
INSERT INTO public.patients (id, name, cns_patient, mother_name, address, city, birth_date, gender, phone, race_color, cep, created_at, state, medical_record_number, clinic_id, active, auth_token, token_updated_at, pin_hash, cpf, address_street, address_number, address_complement, address_neighborhood, ibge_code, nationality, ethnicity) VALUES ('08040409-5f5b-4f98-b7f2-429c4e1c4889', 'HELENA ALVES OLIVEIRA', '706809298466923', 'SILVIA NAIANA ALVES DOS SANTOS', 'FOLHA 27 QUADRA 15 LOTE 10 - NOVA MARABÁ', 'MARABÁ', '2017-05-03', 'Feminino', '(94) 99119-1221', 'Amarela', '', '2026-03-26T13:57:18.718488+00:00', 'PA', '', 'e18f78d8-e7e3-4d04-b842-63d1bc1b9e5e', true, '569057', '2026-05-02T22:11:12.853815+00:00', '$2a$06$cTh8luLQr8ptis.Jxb7i1.WMzUYN9wOb9InTtsyQ5JnjAewmwYB4S', NULL, NULL, NULL, NULL, NULL, NULL, '010', NULL);
INSERT INTO public.patients (id, name, cns_patient, mother_name, address, city, birth_date, gender, phone, race_color, cep, created_at, state, medical_record_number, clinic_id, active, auth_token, token_updated_at, pin_hash, cpf, address_street, address_number, address_complement, address_neighborhood, ibge_code, nationality, ethnicity) VALUES ('b85ebab5-3928-4060-95fe-f73293860668', 'JOAO VITOR ARAUJO NUNES', '700205436171624', 'ELLEN CRISTINA ARAUJO DE OLIVEIRA NUNES', 'RUA VINTE E SETE DE MARÇO NUMERO 356 - FRANCISCO COELHO', 'MARABÁ', '2015-02-04', 'Masculino', '(94) 98144-0235', 'Parda', '', '2026-03-26T14:12:52.76419+00:00', 'PA', '', 'e18f78d8-e7e3-4d04-b842-63d1bc1b9e5e', true, '196136', '2026-05-02T22:11:12.853815+00:00', '$2a$06$aXLrSaVzn32.s5B.pMF2FOjIIDx.ZXkKCnCisw1I1rzeibyjLWS9S', NULL, NULL, NULL, NULL, NULL, NULL, '010', NULL);
INSERT INTO public.patients (id, name, cns_patient, mother_name, address, city, birth_date, gender, phone, race_color, cep, created_at, state, medical_record_number, clinic_id, active, auth_token, token_updated_at, pin_hash, cpf, address_street, address_number, address_complement, address_neighborhood, ibge_code, nationality, ethnicity) VALUES ('1150a145-4c4f-453a-af16-745bc7431f4f', 'DAVIDSON PACHECO LIRA ', '704007305535262', 'FRANCISCA PACHECO ALVES', 'TRAVESSA QUATORZE S/N - BAIRRO ARAGUAIA', 'MARABÁ', '2020-07-13', 'Masculino', '(94) 99191-6719', 'Não Informado', '', '2026-03-26T14:15:23.329171+00:00', 'PA', '', 'e18f78d8-e7e3-4d04-b842-63d1bc1b9e5e', true, '030100', '2026-05-02T22:11:12.853815+00:00', '$2a$06$7Z9YSwvxlqMdyjSjZ4rmnualW9b48LbN4R96.quITnFMceLgMrT9C', NULL, NULL, NULL, NULL, NULL, NULL, '010', NULL);
INSERT INTO public.patients (id, name, cns_patient, mother_name, address, city, birth_date, gender, phone, race_color, cep, created_at, state, medical_record_number, clinic_id, active, auth_token, token_updated_at, pin_hash, cpf, address_street, address_number, address_complement, address_neighborhood, ibge_code, nationality, ethnicity) VALUES ('7e6f346d-b018-4434-8b43-46a7f1c1de0b', 'EVERTON COELHO LIMA', '700000527675002', 'CELIA PEREIRA COELHO', 'RUA SANTOS DUMONT KM 02 NUMERO 199 - SÃO FELIX II', 'MARABÁ', '2015-01-14', 'Masculino', '(94) 99263-7032', 'Parda', '', '2026-03-26T14:18:05.928835+00:00', 'PA', '', 'e18f78d8-e7e3-4d04-b842-63d1bc1b9e5e', true, '734941', '2026-05-02T22:11:12.853815+00:00', '$2a$06$JHim3lbku34CmfELfvoD8uEXY4zH/l7bijTQkzd3hn3BPr6zDnxDq', NULL, NULL, NULL, NULL, NULL, NULL, '010', NULL);
INSERT INTO public.patients (id, name, cns_patient, mother_name, address, city, birth_date, gender, phone, race_color, cep, created_at, state, medical_record_number, clinic_id, active, auth_token, token_updated_at, pin_hash, cpf, address_street, address_number, address_complement, address_neighborhood, ibge_code, nationality, ethnicity) VALUES ('fae7b027-631e-40ea-bac3-c48b2cf3023d', 'ALBERT HANYEL DE SOUZA NASCIMENTO', '898.0058.8115.8204', 'MAIANE DA SILVA DE SOUZA NASCIMENTO', 'RUA DA TRILHA Nº 162 - INFRAERO', 'Marabá', '2018-05-30', 'Masculino', '', 'Parda', '68501-335', '2026-03-27T12:08:41.529791+00:00', 'PA', '', 'e91febef-a914-40d5-a3c6-f43d35333cab', true, '860534', '2026-05-16T04:22:07.793+00:00', '$2a$06$UwfOns2Qy2vs4ddwGy8zvuhao5lQc3OwBXHqzvN87yWbN6tBpbOsG', NULL, 'Avenida Antônio Vilhena', '123', '', 'Liberdade', '1504208', '010', NULL);
INSERT INTO public.patients (id, name, cns_patient, mother_name, address, city, birth_date, gender, phone, race_color, cep, created_at, state, medical_record_number, clinic_id, active, auth_token, token_updated_at, pin_hash, cpf, address_street, address_number, address_complement, address_neighborhood, ibge_code, nationality, ethnicity) VALUES ('c7012642-6967-4361-a267-b594ab915346', 'PEDRO LUCAS MACIEL PEREIRA MENDES', '705201407963973', 'MARCIA CRISTINA MACIEL PEREIRA MENDES', 'FOLHA 16 QUADRA 12 LOTE 15 - NOVA MARABÁ', 'MARABÁ', '2013-11-07', 'Masculino', '(94) 99165-0247', 'Parda', '', '2026-03-26T14:23:21.434261+00:00', 'PA', '', 'e18f78d8-e7e3-4d04-b842-63d1bc1b9e5e', true, '457317', '2026-05-02T22:11:12.853815+00:00', '$2a$06$.C.u2ty..met02Td9oI1A./VhL5mJqg9c86bsJUabBwkExPmRXv9S', NULL, NULL, NULL, NULL, NULL, NULL, '010', NULL);
INSERT INTO public.patients (id, name, cns_patient, mother_name, address, city, birth_date, gender, phone, race_color, cep, created_at, state, medical_record_number, clinic_id, active, auth_token, token_updated_at, pin_hash, cpf, address_street, address_number, address_complement, address_neighborhood, ibge_code, nationality, ethnicity) VALUES ('77154af0-77a4-4b6b-ae47-8a6101d18f63', 'ANTONY DO NASCIMENTO SOUSA ', '702806126908965', 'MARIA DA PAZ DE SOUSA', 'AVENIDA ANTONIO VILHENA, Nº 1611 - INDEPENDÊNCIA', 'MARABÁ', '2017-07-17', 'Masculino', '', 'Parda', '', '2026-03-27T12:03:51.513365+00:00', 'PA', '', 'e91febef-a914-40d5-a3c6-f43d35333cab', true, '698587', '2026-05-02T22:11:12.853815+00:00', '$2a$06$O.nlAMTHCYbEOoDbwbj5DeuJKnUPn3HRtPGYxBhaoaBb.Tavqrbr2', NULL, NULL, NULL, NULL, NULL, NULL, '010', NULL);
INSERT INTO public.patients (id, name, cns_patient, mother_name, address, city, birth_date, gender, phone, race_color, cep, created_at, state, medical_record_number, clinic_id, active, auth_token, token_updated_at, pin_hash, cpf, address_street, address_number, address_complement, address_neighborhood, ibge_code, nationality, ethnicity) VALUES ('6c595d22-87e6-4f0b-a9b5-7aa147170c2f', 'BENICIO SANTOS RODRIGUES ', '706700727247120', 'LEIDIANE SANTOS DA CONCEIÇÃO', 'RUA SILVINO SANTOS RODRIGUES ', 'MARABÁ', '2020-03-22', 'Masculino', '', 'Parda', '', '2026-03-27T14:27:34.760138+00:00', 'PA', '', 'e91febef-a914-40d5-a3c6-f43d35333cab', true, '002964', '2026-05-02T22:11:12.853815+00:00', '$2a$06$ShIRQXUCNMBQkxS2K1g0BOvjFuA5lTgECJvAsgLOmaSQHVwbsnsNy', NULL, NULL, NULL, NULL, NULL, NULL, '010', NULL);
INSERT INTO public.patients (id, name, cns_patient, mother_name, address, city, birth_date, gender, phone, race_color, cep, created_at, state, medical_record_number, clinic_id, active, auth_token, token_updated_at, pin_hash, cpf, address_street, address_number, address_complement, address_neighborhood, ibge_code, nationality, ethnicity) VALUES ('9a3c12e8-c25f-4251-bbff-49354b79704e', 'BERNARDO BATISTA LIMA ', '700803962932884', 'GESSICA DE SOUZA BATISTA', 'FOLHA 19 QUADRA 19 LOTE 13', 'MARABÁ ', '2021-04-14', 'Masculino', '', 'Não Informado', '', '2026-03-27T14:32:38.044195+00:00', 'PA', '', 'e91febef-a914-40d5-a3c6-f43d35333cab', true, '141232', '2026-05-02T22:11:12.853815+00:00', '$2a$06$lj2FIXU6VyNBUticSz6VNO6nZG0ORt/xvySJRTm7X9xjFGIcT9V4m', NULL, NULL, NULL, NULL, NULL, NULL, '010', NULL);
INSERT INTO public.patients (id, name, cns_patient, mother_name, address, city, birth_date, gender, phone, race_color, cep, created_at, state, medical_record_number, clinic_id, active, auth_token, token_updated_at, pin_hash, cpf, address_street, address_number, address_complement, address_neighborhood, ibge_code, nationality, ethnicity) VALUES ('1680c248-e28b-416b-bbf9-fe8507ca4545', 'DAVI GABRIEL FREITAS DE SOUZA', '700004940118104', 'KEILA PAVAO FREITAS', 'AV TRINTA E UM DE MARÇO, 152 - LARANJEIRAS', 'MARABÁ', '2015-08-05', 'Masculino', '', 'Parda', '', '2026-04-29T21:51:06.958461+00:00', 'PA', '', 'e18f78d8-e7e3-4d04-b842-63d1bc1b9e5e', true, '539681', '2026-05-02T22:11:12.853815+00:00', '$2a$06$M.UsgooxJb.kC3ayyXznd.9qpQRvTVtLWgizMUydOYzePVaBljsAS', NULL, NULL, NULL, NULL, NULL, NULL, '010', NULL);
INSERT INTO public.patients (id, name, cns_patient, mother_name, address, city, birth_date, gender, phone, race_color, cep, created_at, state, medical_record_number, clinic_id, active, auth_token, token_updated_at, pin_hash, cpf, address_street, address_number, address_complement, address_neighborhood, ibge_code, nationality, ethnicity) VALUES ('e7e34724-349f-4f78-9d25-c3013bcbc757', 'ANDRE JOAQUIM QUEIROZ BASSANI', '707007894195431', 'ADRIANA PEREIRA BASSANI', 'RUA CENTRO NORTE NUMERO 02 - MORADA NOVA', 'Marabá', '2015-08-13', 'Masculino', '(94) 99272-2414', 'Branca', '68501-535', '2026-03-26T13:51:13.479466+00:00', 'PA', '123456', 'e18f78d8-e7e3-4d04-b842-63d1bc1b9e5e', true, '123017', '2026-05-03T00:52:45.138+00:00', '$2a$06$lHlhw3lg4AtDBvh1xJZ1lutSKa7BXkdMIx8UJjt9LdgstlCCny9/2', NULL, 'Rua Ivete Vargas', '123', '', 'Cidade Nova', '1504208', '010', NULL);

-- Table: public.patient_clinics (20 rows)
INSERT INTO public.patient_clinics (id, patient_id, clinic_id, active, created_at) VALUES ('5d1132ef-103e-4ed4-86bc-55fc5a334036', '696b3280-65ea-4519-aa0c-66b064d5e6bd', 'e18f78d8-e7e3-4d04-b842-63d1bc1b9e5e', true, '2026-05-03T01:06:54.606114+00:00');
INSERT INTO public.patient_clinics (id, patient_id, clinic_id, active, created_at) VALUES ('31b5343e-1bcd-4320-bbde-d105cc0049e3', 'c6e23688-4664-4026-a62f-bdfefd039ef6', 'e18f78d8-e7e3-4d04-b842-63d1bc1b9e5e', true, '2026-05-03T01:06:54.606114+00:00');
INSERT INTO public.patient_clinics (id, patient_id, clinic_id, active, created_at) VALUES ('1485db05-4fad-40f4-aebf-b9b6e6128e45', '37786654-f4b3-4645-9adc-ec49c16f8d22', 'e18f78d8-e7e3-4d04-b842-63d1bc1b9e5e', true, '2026-05-03T01:06:54.606114+00:00');
INSERT INTO public.patient_clinics (id, patient_id, clinic_id, active, created_at) VALUES ('f4624123-8bf4-4ebc-97d9-c07389f97c1b', 'd629ce38-9129-4ba6-bb10-1a0a75c5a0bc', 'e18f78d8-e7e3-4d04-b842-63d1bc1b9e5e', true, '2026-05-03T01:06:54.606114+00:00');
INSERT INTO public.patient_clinics (id, patient_id, clinic_id, active, created_at) VALUES ('9c2ba71a-0a1f-44b7-abe1-70b0c8dced4a', '5f5ba54f-c53f-4b36-b7e4-f91dc55a6a12', 'e18f78d8-e7e3-4d04-b842-63d1bc1b9e5e', true, '2026-05-03T01:06:54.606114+00:00');
INSERT INTO public.patient_clinics (id, patient_id, clinic_id, active, created_at) VALUES ('bbe353ed-bf39-4b6a-8bd6-f0846df42d3f', '30283dcf-2b05-4467-8052-67589a8b60cb', 'e18f78d8-e7e3-4d04-b842-63d1bc1b9e5e', true, '2026-05-03T01:06:54.606114+00:00');
INSERT INTO public.patient_clinics (id, patient_id, clinic_id, active, created_at) VALUES ('ea7f1bac-122e-4b53-a7ab-be0ed94661bf', '08040409-5f5b-4f98-b7f2-429c4e1c4889', 'e18f78d8-e7e3-4d04-b842-63d1bc1b9e5e', true, '2026-05-03T01:06:54.606114+00:00');
INSERT INTO public.patient_clinics (id, patient_id, clinic_id, active, created_at) VALUES ('4ea2cefe-5030-4ce8-83d0-93ab2809f577', 'b85ebab5-3928-4060-95fe-f73293860668', 'e18f78d8-e7e3-4d04-b842-63d1bc1b9e5e', true, '2026-05-03T01:06:54.606114+00:00');
INSERT INTO public.patient_clinics (id, patient_id, clinic_id, active, created_at) VALUES ('5bb5debd-6277-4567-98af-d667031dbe82', '1150a145-4c4f-453a-af16-745bc7431f4f', 'e18f78d8-e7e3-4d04-b842-63d1bc1b9e5e', true, '2026-05-03T01:06:54.606114+00:00');
INSERT INTO public.patient_clinics (id, patient_id, clinic_id, active, created_at) VALUES ('76f43f32-d99d-487e-9560-b8ab75273185', '7e6f346d-b018-4434-8b43-46a7f1c1de0b', 'e18f78d8-e7e3-4d04-b842-63d1bc1b9e5e', true, '2026-05-03T01:06:54.606114+00:00');
INSERT INTO public.patient_clinics (id, patient_id, clinic_id, active, created_at) VALUES ('ba0364e8-0bb0-40a2-8405-14de8f898365', 'c7012642-6967-4361-a267-b594ab915346', 'e18f78d8-e7e3-4d04-b842-63d1bc1b9e5e', true, '2026-05-03T01:06:54.606114+00:00');
INSERT INTO public.patient_clinics (id, patient_id, clinic_id, active, created_at) VALUES ('4990463e-4eae-451d-b405-d383900ac21a', '77154af0-77a4-4b6b-ae47-8a6101d18f63', 'e91febef-a914-40d5-a3c6-f43d35333cab', true, '2026-05-03T01:06:54.606114+00:00');
INSERT INTO public.patient_clinics (id, patient_id, clinic_id, active, created_at) VALUES ('156640c6-de7d-4b23-866e-b3f140b4c321', '6c595d22-87e6-4f0b-a9b5-7aa147170c2f', 'e91febef-a914-40d5-a3c6-f43d35333cab', true, '2026-05-03T01:06:54.606114+00:00');
INSERT INTO public.patient_clinics (id, patient_id, clinic_id, active, created_at) VALUES ('a8ee62c8-018d-4667-a832-5e9a12e12528', '9a3c12e8-c25f-4251-bbff-49354b79704e', 'e91febef-a914-40d5-a3c6-f43d35333cab', true, '2026-05-03T01:06:54.606114+00:00');
INSERT INTO public.patient_clinics (id, patient_id, clinic_id, active, created_at) VALUES ('25d201e7-1d34-445c-8629-9161c38204e4', '1680c248-e28b-416b-bbf9-fe8507ca4545', 'e18f78d8-e7e3-4d04-b842-63d1bc1b9e5e', true, '2026-05-03T01:06:54.606114+00:00');
INSERT INTO public.patient_clinics (id, patient_id, clinic_id, active, created_at) VALUES ('7199e03b-5032-41f8-9aa3-c0f9a620f07c', 'e7e34724-349f-4f78-9d25-c3013bcbc757', 'e18f78d8-e7e3-4d04-b842-63d1bc1b9e5e', true, '2026-05-03T01:06:54.606114+00:00');
INSERT INTO public.patient_clinics (id, patient_id, clinic_id, active, created_at) VALUES ('e3997e92-5105-4958-87d2-b05e8f10196b', 'e3c6f656-89a0-417d-8440-46308779b626', 'e18f78d8-e7e3-4d04-b842-63d1bc1b9e5e', true, '2026-05-03T01:06:54.606114+00:00');
INSERT INTO public.patient_clinics (id, patient_id, clinic_id, active, created_at) VALUES ('167ac54b-83d2-4b37-98fb-04dc9e29f36e', 'fae7b027-631e-40ea-bac3-c48b2cf3023d', 'e91febef-a914-40d5-a3c6-f43d35333cab', true, '2026-05-03T01:06:54.606114+00:00');
INSERT INTO public.patient_clinics (id, patient_id, clinic_id, active, created_at) VALUES ('ff3074d9-140b-4ed0-a24b-10ffb9640bea', '1230bb81-db25-4e31-8446-90eb9fa9033d', 'e91febef-a914-40d5-a3c6-f43d35333cab', true, '2026-05-03T01:06:54.606114+00:00');
INSERT INTO public.patient_clinics (id, patient_id, clinic_id, active, created_at) VALUES ('9618a1bf-0c26-4aad-b11f-53ef22bb8c79', 'e7e34724-349f-4f78-9d25-c3013bcbc757', 'e91febef-a914-40d5-a3c6-f43d35333cab', true, '2026-05-03T01:19:59.928964+00:00');

-- Table: public.professional_clinics (51 rows)
INSERT INTO public.professional_clinics (professional_id, clinic_id, active) VALUES ('89e3b27b-dbf4-48b3-833e-6a796e8a7d2a', 'e18f78d8-e7e3-4d04-b842-63d1bc1b9e5e', true);
INSERT INTO public.professional_clinics (professional_id, clinic_id, active) VALUES ('db76a30a-d107-4879-9a7c-17c1b34f509b', 'e18f78d8-e7e3-4d04-b842-63d1bc1b9e5e', true);
INSERT INTO public.professional_clinics (professional_id, clinic_id, active) VALUES ('fb48209f-cdfe-4a82-8103-668dc7e172b6', 'e18f78d8-e7e3-4d04-b842-63d1bc1b9e5e', true);
INSERT INTO public.professional_clinics (professional_id, clinic_id, active) VALUES ('499d7d5e-7a17-4f13-b2ed-7b2598c00a38', 'e18f78d8-e7e3-4d04-b842-63d1bc1b9e5e', true);
INSERT INTO public.professional_clinics (professional_id, clinic_id, active) VALUES ('32dcc841-0808-4703-ae6f-c875cf32d425', 'e18f78d8-e7e3-4d04-b842-63d1bc1b9e5e', true);
INSERT INTO public.professional_clinics (professional_id, clinic_id, active) VALUES ('0c8c00d8-2d83-4f0d-8d74-d415d874c376', 'e18f78d8-e7e3-4d04-b842-63d1bc1b9e5e', true);
INSERT INTO public.professional_clinics (professional_id, clinic_id, active) VALUES ('147f4b5f-9892-45b0-9413-f5dc19900a85', 'e18f78d8-e7e3-4d04-b842-63d1bc1b9e5e', true);
INSERT INTO public.professional_clinics (professional_id, clinic_id, active) VALUES ('e9ac02d1-3a52-4613-bf99-c075929f50db', 'e18f78d8-e7e3-4d04-b842-63d1bc1b9e5e', true);
INSERT INTO public.professional_clinics (professional_id, clinic_id, active) VALUES ('eb569e0c-c710-4861-b094-825e2c35a82e', 'e18f78d8-e7e3-4d04-b842-63d1bc1b9e5e', true);
INSERT INTO public.professional_clinics (professional_id, clinic_id, active) VALUES ('d9a81b63-8d9b-480f-9432-f4824cf4b512', 'e18f78d8-e7e3-4d04-b842-63d1bc1b9e5e', true);
INSERT INTO public.professional_clinics (professional_id, clinic_id, active) VALUES ('dfa2eb54-2cc3-46b8-b111-4cfd2c19b421', 'e18f78d8-e7e3-4d04-b842-63d1bc1b9e5e', true);
INSERT INTO public.professional_clinics (professional_id, clinic_id, active) VALUES ('98986c3d-0d34-4e76-813c-063742e3c6da', 'e18f78d8-e7e3-4d04-b842-63d1bc1b9e5e', true);
INSERT INTO public.professional_clinics (professional_id, clinic_id, active) VALUES ('dc06eec7-2ef3-4dd8-bd0f-32d9470a4769', 'e18f78d8-e7e3-4d04-b842-63d1bc1b9e5e', true);
INSERT INTO public.professional_clinics (professional_id, clinic_id, active) VALUES ('960f1761-73ec-4877-ae82-2b3d55f8a8d5', 'e18f78d8-e7e3-4d04-b842-63d1bc1b9e5e', true);
INSERT INTO public.professional_clinics (professional_id, clinic_id, active) VALUES ('753d0169-0b77-4e02-ac36-6329436de669', 'e18f78d8-e7e3-4d04-b842-63d1bc1b9e5e', true);
INSERT INTO public.professional_clinics (professional_id, clinic_id, active) VALUES ('5a315f13-3b1c-4294-bf33-109766820c24', 'e18f78d8-e7e3-4d04-b842-63d1bc1b9e5e', true);
INSERT INTO public.professional_clinics (professional_id, clinic_id, active) VALUES ('47aedb3c-083a-48dd-a714-cab6c2204cca', 'e18f78d8-e7e3-4d04-b842-63d1bc1b9e5e', true);
INSERT INTO public.professional_clinics (professional_id, clinic_id, active) VALUES ('e48ed111-eea7-4609-b233-ceadeb1b5984', 'e18f78d8-e7e3-4d04-b842-63d1bc1b9e5e', true);
INSERT INTO public.professional_clinics (professional_id, clinic_id, active) VALUES ('2a015f09-a202-4c08-ace6-03c65a21fdfb', 'e18f78d8-e7e3-4d04-b842-63d1bc1b9e5e', true);
INSERT INTO public.professional_clinics (professional_id, clinic_id, active) VALUES ('9a21d0cd-ff6b-488e-8a4e-c06ab3a645a1', 'e18f78d8-e7e3-4d04-b842-63d1bc1b9e5e', true);
INSERT INTO public.professional_clinics (professional_id, clinic_id, active) VALUES ('5ec12ff9-6037-4877-94af-cc409b5244cb', 'e18f78d8-e7e3-4d04-b842-63d1bc1b9e5e', true);
INSERT INTO public.professional_clinics (professional_id, clinic_id, active) VALUES ('678d7635-781f-4f54-8dcf-c4ffdde51006', 'e18f78d8-e7e3-4d04-b842-63d1bc1b9e5e', true);
INSERT INTO public.professional_clinics (professional_id, clinic_id, active) VALUES ('6cb4deca-4447-419b-84a6-8593891e2bf4', 'e18f78d8-e7e3-4d04-b842-63d1bc1b9e5e', true);
INSERT INTO public.professional_clinics (professional_id, clinic_id, active) VALUES ('b9361ea7-6478-483f-a5d8-38bfebb246f0', 'e91febef-a914-40d5-a3c6-f43d35333cab', true);
INSERT INTO public.professional_clinics (professional_id, clinic_id, active) VALUES ('3435139b-0698-4c1b-b5c4-1d18f1f0bde6', 'e91febef-a914-40d5-a3c6-f43d35333cab', true);
INSERT INTO public.professional_clinics (professional_id, clinic_id, active) VALUES ('da1365a5-c6fd-4f14-8de5-c776ed43a0e6', 'e91febef-a914-40d5-a3c6-f43d35333cab', true);
INSERT INTO public.professional_clinics (professional_id, clinic_id, active) VALUES ('05b6d403-e811-4c15-8061-82c8b7a82ca6', 'e91febef-a914-40d5-a3c6-f43d35333cab', true);
INSERT INTO public.professional_clinics (professional_id, clinic_id, active) VALUES ('71e90ad7-65e3-47bb-9a7d-519752edb55d', 'e91febef-a914-40d5-a3c6-f43d35333cab', true);
INSERT INTO public.professional_clinics (professional_id, clinic_id, active) VALUES ('479d8de5-72a3-4d8f-88e8-20c303d76d72', 'e91febef-a914-40d5-a3c6-f43d35333cab', true);
INSERT INTO public.professional_clinics (professional_id, clinic_id, active) VALUES ('cfbaa8f3-c5b2-4e15-b27e-aa5a5adb0c29', 'e91febef-a914-40d5-a3c6-f43d35333cab', true);
INSERT INTO public.professional_clinics (professional_id, clinic_id, active) VALUES ('42ec26be-3c02-4ff5-a52e-793f71734bd9', 'e91febef-a914-40d5-a3c6-f43d35333cab', true);
INSERT INTO public.professional_clinics (professional_id, clinic_id, active) VALUES ('91d8328f-42c4-4e31-8346-322e103b0d2a', 'e91febef-a914-40d5-a3c6-f43d35333cab', true);
INSERT INTO public.professional_clinics (professional_id, clinic_id, active) VALUES ('bdeea4a1-0c07-4ca1-b15f-d02a3d0345e3', 'e91febef-a914-40d5-a3c6-f43d35333cab', true);
INSERT INTO public.professional_clinics (professional_id, clinic_id, active) VALUES ('cd15ce49-ed9f-48b9-90d8-809ec8d6d603', 'e91febef-a914-40d5-a3c6-f43d35333cab', true);
INSERT INTO public.professional_clinics (professional_id, clinic_id, active) VALUES ('fa3933a0-3397-4e37-a961-77f1825ec29a', 'e91febef-a914-40d5-a3c6-f43d35333cab', true);
INSERT INTO public.professional_clinics (professional_id, clinic_id, active) VALUES ('bd4721d6-8aec-4c64-a413-b0854bdfcf2f', 'e91febef-a914-40d5-a3c6-f43d35333cab', true);
INSERT INTO public.professional_clinics (professional_id, clinic_id, active) VALUES ('235caebd-24b1-40b4-9a6c-245047eeba3a', 'e91febef-a914-40d5-a3c6-f43d35333cab', true);
INSERT INTO public.professional_clinics (professional_id, clinic_id, active) VALUES ('75d2eb02-8f85-4a85-a520-7f491b2cbd51', 'e91febef-a914-40d5-a3c6-f43d35333cab', true);
INSERT INTO public.professional_clinics (professional_id, clinic_id, active) VALUES ('1ae476a2-66b9-4299-8948-21b48c2facbb', 'e91febef-a914-40d5-a3c6-f43d35333cab', true);
INSERT INTO public.professional_clinics (professional_id, clinic_id, active) VALUES ('e46800a7-1839-49b2-8a0b-7e7c3a68eab2', 'e91febef-a914-40d5-a3c6-f43d35333cab', true);
INSERT INTO public.professional_clinics (professional_id, clinic_id, active) VALUES ('4f9cd0e1-62de-4d6d-ac12-129eb8076c09', 'e91febef-a914-40d5-a3c6-f43d35333cab', true);
INSERT INTO public.professional_clinics (professional_id, clinic_id, active) VALUES ('40ee8363-5320-4da6-8d8e-8377c6ddfffd', 'e91febef-a914-40d5-a3c6-f43d35333cab', true);
INSERT INTO public.professional_clinics (professional_id, clinic_id, active) VALUES ('fbdd9cc1-8fe4-408e-a448-ae95d58bff67', 'e91febef-a914-40d5-a3c6-f43d35333cab', true);
INSERT INTO public.professional_clinics (professional_id, clinic_id, active) VALUES ('66e1d80c-a63a-4ece-8456-335175424f4c', 'e91febef-a914-40d5-a3c6-f43d35333cab', true);
INSERT INTO public.professional_clinics (professional_id, clinic_id, active) VALUES ('da1c84c3-e637-43d9-9e71-53f4fcbc592d', 'e91febef-a914-40d5-a3c6-f43d35333cab', true);
INSERT INTO public.professional_clinics (professional_id, clinic_id, active) VALUES ('fa46bbab-0ef4-41e5-8841-84a59b2f3457', 'e91febef-a914-40d5-a3c6-f43d35333cab', true);
INSERT INTO public.professional_clinics (professional_id, clinic_id, active) VALUES ('f8f7b04f-cf89-47b2-8163-e44b4d1e42a8', 'e91febef-a914-40d5-a3c6-f43d35333cab', true);
INSERT INTO public.professional_clinics (professional_id, clinic_id, active) VALUES ('239c8bea-7193-4648-a39e-1787b16bd1cf', 'e91febef-a914-40d5-a3c6-f43d35333cab', true);
INSERT INTO public.professional_clinics (professional_id, clinic_id, active) VALUES ('ae987b81-4ca8-4790-a9ad-ce0d456de649', 'e91febef-a914-40d5-a3c6-f43d35333cab', true);
INSERT INTO public.professional_clinics (professional_id, clinic_id, active) VALUES ('8f1be2f2-1939-41fc-8fd6-5122299060cd', 'e91febef-a914-40d5-a3c6-f43d35333cab', true);
INSERT INTO public.professional_clinics (professional_id, clinic_id, active) VALUES ('de3612e0-77c5-4cc3-9b33-bda13402c93c', 'e91febef-a914-40d5-a3c6-f43d35333cab', true);

-- Table: public.professional_specialties (68 rows)
INSERT INTO public.professional_specialties (professional_id, specialty_id) VALUES ('eb569e0c-c710-4861-b094-825e2c35a82e', '25db58dd-613d-409d-ac58-ecf8536656da');
INSERT INTO public.professional_specialties (professional_id, specialty_id) VALUES ('d9a81b63-8d9b-480f-9432-f4824cf4b512', '0d41ec5c-3550-4d31-8c26-3cc624ffba43');
INSERT INTO public.professional_specialties (professional_id, specialty_id) VALUES ('dfa2eb54-2cc3-46b8-b111-4cfd2c19b421', '0d41ec5c-3550-4d31-8c26-3cc624ffba43');
INSERT INTO public.professional_specialties (professional_id, specialty_id) VALUES ('98986c3d-0d34-4e76-813c-063742e3c6da', '25db58dd-613d-409d-ac58-ecf8536656da');
INSERT INTO public.professional_specialties (professional_id, specialty_id) VALUES ('dc06eec7-2ef3-4dd8-bd0f-32d9470a4769', '663b90be-cce6-4bc0-9c3f-b06ec9ea384d');
INSERT INTO public.professional_specialties (professional_id, specialty_id) VALUES ('dc06eec7-2ef3-4dd8-bd0f-32d9470a4769', 'a3cdc3b5-b49a-4def-bfa4-081520e82fdc');
INSERT INTO public.professional_specialties (professional_id, specialty_id) VALUES ('960f1761-73ec-4877-ae82-2b3d55f8a8d5', 'e3701e33-8c45-4a99-a368-d0aff43eee4b');
INSERT INTO public.professional_specialties (professional_id, specialty_id) VALUES ('960f1761-73ec-4877-ae82-2b3d55f8a8d5', '663b90be-cce6-4bc0-9c3f-b06ec9ea384d');
INSERT INTO public.professional_specialties (professional_id, specialty_id) VALUES ('960f1761-73ec-4877-ae82-2b3d55f8a8d5', 'a3cdc3b5-b49a-4def-bfa4-081520e82fdc');
INSERT INTO public.professional_specialties (professional_id, specialty_id) VALUES ('753d0169-0b77-4e02-ac36-6329436de669', '663b90be-cce6-4bc0-9c3f-b06ec9ea384d');
INSERT INTO public.professional_specialties (professional_id, specialty_id) VALUES ('753d0169-0b77-4e02-ac36-6329436de669', 'a3cdc3b5-b49a-4def-bfa4-081520e82fdc');
INSERT INTO public.professional_specialties (professional_id, specialty_id) VALUES ('5a315f13-3b1c-4294-bf33-109766820c24', '0d41ec5c-3550-4d31-8c26-3cc624ffba43');
INSERT INTO public.professional_specialties (professional_id, specialty_id) VALUES ('47aedb3c-083a-48dd-a714-cab6c2204cca', '25db58dd-613d-409d-ac58-ecf8536656da');
INSERT INTO public.professional_specialties (professional_id, specialty_id) VALUES ('e48ed111-eea7-4609-b233-ceadeb1b5984', '663b90be-cce6-4bc0-9c3f-b06ec9ea384d');
INSERT INTO public.professional_specialties (professional_id, specialty_id) VALUES ('e48ed111-eea7-4609-b233-ceadeb1b5984', 'a3cdc3b5-b49a-4def-bfa4-081520e82fdc');
INSERT INTO public.professional_specialties (professional_id, specialty_id) VALUES ('2a015f09-a202-4c08-ace6-03c65a21fdfb', '9a46643b-6c02-4cb8-8b23-966b844dcb56');
INSERT INTO public.professional_specialties (professional_id, specialty_id) VALUES ('9a21d0cd-ff6b-488e-8a4e-c06ab3a645a1', '1ef055ce-2e68-4245-8535-3a79fb9745d0');
INSERT INTO public.professional_specialties (professional_id, specialty_id) VALUES ('5ec12ff9-6037-4877-94af-cc409b5244cb', '0d41ec5c-3550-4d31-8c26-3cc624ffba43');
INSERT INTO public.professional_specialties (professional_id, specialty_id) VALUES ('678d7635-781f-4f54-8dcf-c4ffdde51006', '69ed8b00-7e7a-4814-bb93-7210bbf696ac');
INSERT INTO public.professional_specialties (professional_id, specialty_id) VALUES ('6cb4deca-4447-419b-84a6-8593891e2bf4', '0a3eb4c0-e15c-4d90-ac3e-41f96a04d0af');
INSERT INTO public.professional_specialties (professional_id, specialty_id) VALUES ('b9361ea7-6478-483f-a5d8-38bfebb246f0', '69ed8b00-7e7a-4814-bb93-7210bbf696ac');
INSERT INTO public.professional_specialties (professional_id, specialty_id) VALUES ('3435139b-0698-4c1b-b5c4-1d18f1f0bde6', '0d41ec5c-3550-4d31-8c26-3cc624ffba43');
INSERT INTO public.professional_specialties (professional_id, specialty_id) VALUES ('da1365a5-c6fd-4f14-8de5-c776ed43a0e6', '0d41ec5c-3550-4d31-8c26-3cc624ffba43');
INSERT INTO public.professional_specialties (professional_id, specialty_id) VALUES ('05b6d403-e811-4c15-8061-82c8b7a82ca6', '663b90be-cce6-4bc0-9c3f-b06ec9ea384d');
INSERT INTO public.professional_specialties (professional_id, specialty_id) VALUES ('05b6d403-e811-4c15-8061-82c8b7a82ca6', 'f03823ea-f087-4455-b47a-b76f1e592758');
INSERT INTO public.professional_specialties (professional_id, specialty_id) VALUES ('05b6d403-e811-4c15-8061-82c8b7a82ca6', 'a3cdc3b5-b49a-4def-bfa4-081520e82fdc');
INSERT INTO public.professional_specialties (professional_id, specialty_id) VALUES ('71e90ad7-65e3-47bb-9a7d-519752edb55d', '663b90be-cce6-4bc0-9c3f-b06ec9ea384d');
INSERT INTO public.professional_specialties (professional_id, specialty_id) VALUES ('71e90ad7-65e3-47bb-9a7d-519752edb55d', 'a3cdc3b5-b49a-4def-bfa4-081520e82fdc');
INSERT INTO public.professional_specialties (professional_id, specialty_id) VALUES ('479d8de5-72a3-4d8f-88e8-20c303d76d72', '0d41ec5c-3550-4d31-8c26-3cc624ffba43');
INSERT INTO public.professional_specialties (professional_id, specialty_id) VALUES ('cfbaa8f3-c5b2-4e15-b27e-aa5a5adb0c29', '69ed8b00-7e7a-4814-bb93-7210bbf696ac');
INSERT INTO public.professional_specialties (professional_id, specialty_id) VALUES ('42ec26be-3c02-4ff5-a52e-793f71734bd9', '9a46643b-6c02-4cb8-8b23-966b844dcb56');
INSERT INTO public.professional_specialties (professional_id, specialty_id) VALUES ('42ec26be-3c02-4ff5-a52e-793f71734bd9', '0d41ec5c-3550-4d31-8c26-3cc624ffba43');
INSERT INTO public.professional_specialties (professional_id, specialty_id) VALUES ('91d8328f-42c4-4e31-8346-322e103b0d2a', '663b90be-cce6-4bc0-9c3f-b06ec9ea384d');
INSERT INTO public.professional_specialties (professional_id, specialty_id) VALUES ('91d8328f-42c4-4e31-8346-322e103b0d2a', 'a3cdc3b5-b49a-4def-bfa4-081520e82fdc');
INSERT INTO public.professional_specialties (professional_id, specialty_id) VALUES ('bdeea4a1-0c07-4ca1-b15f-d02a3d0345e3', '0d41ec5c-3550-4d31-8c26-3cc624ffba43');
INSERT INTO public.professional_specialties (professional_id, specialty_id) VALUES ('cd15ce49-ed9f-48b9-90d8-809ec8d6d603', '663b90be-cce6-4bc0-9c3f-b06ec9ea384d');
INSERT INTO public.professional_specialties (professional_id, specialty_id) VALUES ('cd15ce49-ed9f-48b9-90d8-809ec8d6d603', 'a3cdc3b5-b49a-4def-bfa4-081520e82fdc');
INSERT INTO public.professional_specialties (professional_id, specialty_id) VALUES ('fa3933a0-3397-4e37-a961-77f1825ec29a', 'e8dcdb6a-cbae-4748-b65e-3de597730888');
INSERT INTO public.professional_specialties (professional_id, specialty_id) VALUES ('bd4721d6-8aec-4c64-a413-b0854bdfcf2f', '25db58dd-613d-409d-ac58-ecf8536656da');
INSERT INTO public.professional_specialties (professional_id, specialty_id) VALUES ('bd4721d6-8aec-4c64-a413-b0854bdfcf2f', '0a3eb4c0-e15c-4d90-ac3e-41f96a04d0af');
INSERT INTO public.professional_specialties (professional_id, specialty_id) VALUES ('235caebd-24b1-40b4-9a6c-245047eeba3a', 'f03823ea-f087-4455-b47a-b76f1e592758');
INSERT INTO public.professional_specialties (professional_id, specialty_id) VALUES ('235caebd-24b1-40b4-9a6c-245047eeba3a', 'a3cdc3b5-b49a-4def-bfa4-081520e82fdc');
INSERT INTO public.professional_specialties (professional_id, specialty_id) VALUES ('75d2eb02-8f85-4a85-a520-7f491b2cbd51', 'e8dcdb6a-cbae-4748-b65e-3de597730888');
INSERT INTO public.professional_specialties (professional_id, specialty_id) VALUES ('1ae476a2-66b9-4299-8948-21b48c2facbb', '0d41ec5c-3550-4d31-8c26-3cc624ffba43');
INSERT INTO public.professional_specialties (professional_id, specialty_id) VALUES ('e46800a7-1839-49b2-8a0b-7e7c3a68eab2', '69ed8b00-7e7a-4814-bb93-7210bbf696ac');
INSERT INTO public.professional_specialties (professional_id, specialty_id) VALUES ('4f9cd0e1-62de-4d6d-ac12-129eb8076c09', '0d41ec5c-3550-4d31-8c26-3cc624ffba43');
INSERT INTO public.professional_specialties (professional_id, specialty_id) VALUES ('40ee8363-5320-4da6-8d8e-8377c6ddfffd', '663b90be-cce6-4bc0-9c3f-b06ec9ea384d');
INSERT INTO public.professional_specialties (professional_id, specialty_id) VALUES ('40ee8363-5320-4da6-8d8e-8377c6ddfffd', '0d41ec5c-3550-4d31-8c26-3cc624ffba43');
INSERT INTO public.professional_specialties (professional_id, specialty_id) VALUES ('40ee8363-5320-4da6-8d8e-8377c6ddfffd', 'f03823ea-f087-4455-b47a-b76f1e592758');
INSERT INTO public.professional_specialties (professional_id, specialty_id) VALUES ('40ee8363-5320-4da6-8d8e-8377c6ddfffd', 'a3cdc3b5-b49a-4def-bfa4-081520e82fdc');
INSERT INTO public.professional_specialties (professional_id, specialty_id) VALUES ('fbdd9cc1-8fe4-408e-a448-ae95d58bff67', '0d41ec5c-3550-4d31-8c26-3cc624ffba43');
INSERT INTO public.professional_specialties (professional_id, specialty_id) VALUES ('66e1d80c-a63a-4ece-8456-335175424f4c', '25db58dd-613d-409d-ac58-ecf8536656da');
INSERT INTO public.professional_specialties (professional_id, specialty_id) VALUES ('da1c84c3-e637-43d9-9e71-53f4fcbc592d', '25db58dd-613d-409d-ac58-ecf8536656da');
INSERT INTO public.professional_specialties (professional_id, specialty_id) VALUES ('fa46bbab-0ef4-41e5-8841-84a59b2f3457', '0d41ec5c-3550-4d31-8c26-3cc624ffba43');
INSERT INTO public.professional_specialties (professional_id, specialty_id) VALUES ('f8f7b04f-cf89-47b2-8163-e44b4d1e42a8', 'a3d57f66-d6af-4deb-9495-3479ac15bafa');
INSERT INTO public.professional_specialties (professional_id, specialty_id) VALUES ('239c8bea-7193-4648-a39e-1787b16bd1cf', '1ef055ce-2e68-4245-8535-3a79fb9745d0');
INSERT INTO public.professional_specialties (professional_id, specialty_id) VALUES ('ae987b81-4ca8-4790-a9ad-ce0d456de649', '0d41ec5c-3550-4d31-8c26-3cc624ffba43');
INSERT INTO public.professional_specialties (professional_id, specialty_id) VALUES ('8f1be2f2-1939-41fc-8fd6-5122299060cd', '25db58dd-613d-409d-ac58-ecf8536656da');
INSERT INTO public.professional_specialties (professional_id, specialty_id) VALUES ('de3612e0-77c5-4cc3-9b33-bda13402c93c', '69ed8b00-7e7a-4814-bb93-7210bbf696ac');
INSERT INTO public.professional_specialties (professional_id, specialty_id) VALUES ('89e3b27b-dbf4-48b3-833e-6a796e8a7d2a', '25db58dd-613d-409d-ac58-ecf8536656da');
INSERT INTO public.professional_specialties (professional_id, specialty_id) VALUES ('db76a30a-d107-4879-9a7c-17c1b34f509b', '69ed8b00-7e7a-4814-bb93-7210bbf696ac');
INSERT INTO public.professional_specialties (professional_id, specialty_id) VALUES ('fb48209f-cdfe-4a82-8103-668dc7e172b6', '69ed8b00-7e7a-4814-bb93-7210bbf696ac');
INSERT INTO public.professional_specialties (professional_id, specialty_id) VALUES ('499d7d5e-7a17-4f13-b2ed-7b2598c00a38', 'a3cdc3b5-b49a-4def-bfa4-081520e82fdc');
INSERT INTO public.professional_specialties (professional_id, specialty_id) VALUES ('147f4b5f-9892-45b0-9413-f5dc19900a85', 'f03823ea-f087-4455-b47a-b76f1e592758');
INSERT INTO public.professional_specialties (professional_id, specialty_id) VALUES ('32dcc841-0808-4703-ae6f-c875cf32d425', '0d41ec5c-3550-4d31-8c26-3cc624ffba43');
INSERT INTO public.professional_specialties (professional_id, specialty_id) VALUES ('0c8c00d8-2d83-4f0d-8d74-d415d874c376', '663b90be-cce6-4bc0-9c3f-b06ec9ea384d');
INSERT INTO public.professional_specialties (professional_id, specialty_id) VALUES ('0c8c00d8-2d83-4f0d-8d74-d415d874c376', 'a3cdc3b5-b49a-4def-bfa4-081520e82fdc');
INSERT INTO public.professional_specialties (professional_id, specialty_id) VALUES ('e9ac02d1-3a52-4613-bf99-c075929f50db', '25db58dd-613d-409d-ac58-ecf8536656da');

-- Table: public.procedure_cid (35 rows)
INSERT INTO public.procedure_cid (id, procedure_id, cid_id, created_at) VALUES ('fd1c30f3-884d-430a-af0c-8370730a57e9', '67da8b83-3789-4c82-ade4-dd0c1854297f', '5ffeb1d7-b1e4-4735-b12a-2d9d50f2276a', '2026-05-16T02:03:50.689864+00:00');
INSERT INTO public.procedure_cid (id, procedure_id, cid_id, created_at) VALUES ('048e2455-444b-472e-b726-435caf2aeae2', '67da8b83-3789-4c82-ade4-dd0c1854297f', 'e28dd032-5edf-44d6-9aa2-31f934291d3e', '2026-05-16T02:03:50.689864+00:00');
INSERT INTO public.procedure_cid (id, procedure_id, cid_id, created_at) VALUES ('eadeac6b-89ae-460f-b08f-49fd80b686c7', '67da8b83-3789-4c82-ade4-dd0c1854297f', '009d2a03-e060-4227-9e40-11011f06433c', '2026-05-16T02:03:50.689864+00:00');
INSERT INTO public.procedure_cid (id, procedure_id, cid_id, created_at) VALUES ('178dcf3c-0e22-493e-8541-9b0eaec4e500', '67da8b83-3789-4c82-ade4-dd0c1854297f', '88eba804-f3e3-464f-8021-5f98a9c85aea', '2026-05-16T02:03:50.689864+00:00');
INSERT INTO public.procedure_cid (id, procedure_id, cid_id, created_at) VALUES ('e4b85b0b-fa6b-4ba6-b579-8ddaf70e41c5', '67da8b83-3789-4c82-ade4-dd0c1854297f', '89a1094b-de6e-4493-8e1c-b14eca114de8', '2026-05-16T02:03:50.689864+00:00');
INSERT INTO public.procedure_cid (id, procedure_id, cid_id, created_at) VALUES ('c71618e8-4586-482e-ad4e-524d7c2b45c9', '67da8b83-3789-4c82-ade4-dd0c1854297f', 'a9fe6a56-cbd7-476a-880b-f7afede6bc0e', '2026-05-16T02:03:50.689864+00:00');
INSERT INTO public.procedure_cid (id, procedure_id, cid_id, created_at) VALUES ('ab31f2f4-092c-4722-80f0-9abd324ee5f9', '67da8b83-3789-4c82-ade4-dd0c1854297f', 'da34e0af-a36b-4d6d-951a-956c0af872e8', '2026-05-16T02:03:50.689864+00:00');
INSERT INTO public.procedure_cid (id, procedure_id, cid_id, created_at) VALUES ('6588a0a7-83ba-48e9-887c-f98f1a5e1c9e', '67da8b83-3789-4c82-ade4-dd0c1854297f', 'fdd9b922-d5d3-4426-afcd-4c9e3bb3e2af', '2026-05-16T02:03:50.689864+00:00');
INSERT INTO public.procedure_cid (id, procedure_id, cid_id, created_at) VALUES ('7a8f8067-395b-4241-b9fd-71dbd9c4ea35', '567b422d-edc7-4d44-81ca-ea2967a2c9bc', '1a5fadd3-eb77-40c1-aac5-016b71255f0f', '2026-05-16T02:09:09.430066+00:00');
INSERT INTO public.procedure_cid (id, procedure_id, cid_id, created_at) VALUES ('c345152d-1a1e-4b0c-9938-e2fc8514fa3c', 'af18b2da-f3de-4b90-a484-7279b3541b14', '5ffeb1d7-b1e4-4735-b12a-2d9d50f2276a', '2026-05-16T02:12:01.041469+00:00');
INSERT INTO public.procedure_cid (id, procedure_id, cid_id, created_at) VALUES ('8818fe22-6d2d-47de-b904-4477c4d35dc9', 'e842f927-21eb-4d8f-a03f-29568db1e493', '5ffeb1d7-b1e4-4735-b12a-2d9d50f2276a', '2026-05-16T02:14:22.092488+00:00');
INSERT INTO public.procedure_cid (id, procedure_id, cid_id, created_at) VALUES ('e59e2d7f-abfc-4cdd-ac47-9c36c04a2b81', 'e842f927-21eb-4d8f-a03f-29568db1e493', 'e28dd032-5edf-44d6-9aa2-31f934291d3e', '2026-05-16T02:14:22.092488+00:00');
INSERT INTO public.procedure_cid (id, procedure_id, cid_id, created_at) VALUES ('68a22dae-156e-49c3-bc22-24fa83bf1245', 'e842f927-21eb-4d8f-a03f-29568db1e493', '009d2a03-e060-4227-9e40-11011f06433c', '2026-05-16T02:14:22.092488+00:00');
INSERT INTO public.procedure_cid (id, procedure_id, cid_id, created_at) VALUES ('a4fcdf21-adfd-4782-aa39-506e980a1175', 'e842f927-21eb-4d8f-a03f-29568db1e493', '88eba804-f3e3-464f-8021-5f98a9c85aea', '2026-05-16T02:14:22.092488+00:00');
INSERT INTO public.procedure_cid (id, procedure_id, cid_id, created_at) VALUES ('240b3399-9355-460e-a43c-b2156301ef16', 'e842f927-21eb-4d8f-a03f-29568db1e493', '89a1094b-de6e-4493-8e1c-b14eca114de8', '2026-05-16T02:14:22.092488+00:00');
INSERT INTO public.procedure_cid (id, procedure_id, cid_id, created_at) VALUES ('dc41332f-879c-4d38-9889-1371a7d01e4e', 'e842f927-21eb-4d8f-a03f-29568db1e493', 'a9fe6a56-cbd7-476a-880b-f7afede6bc0e', '2026-05-16T02:14:22.092488+00:00');
INSERT INTO public.procedure_cid (id, procedure_id, cid_id, created_at) VALUES ('04312b08-8484-4837-b818-3c5deb3b5e9d', 'e842f927-21eb-4d8f-a03f-29568db1e493', 'da34e0af-a36b-4d6d-951a-956c0af872e8', '2026-05-16T02:14:22.092488+00:00');
INSERT INTO public.procedure_cid (id, procedure_id, cid_id, created_at) VALUES ('0f0fb7a1-d3ac-4126-8b5d-8a935424d396', 'e842f927-21eb-4d8f-a03f-29568db1e493', 'fdd9b922-d5d3-4426-afcd-4c9e3bb3e2af', '2026-05-16T02:14:22.092488+00:00');
INSERT INTO public.procedure_cid (id, procedure_id, cid_id, created_at) VALUES ('f48f9ea5-86e8-4bb6-bf97-babfbcdeae3e', 'd9d18bf1-cb64-419a-8fdc-e8fa07446415', '5ffeb1d7-b1e4-4735-b12a-2d9d50f2276a', '2026-05-16T02:15:56.62224+00:00');
INSERT INTO public.procedure_cid (id, procedure_id, cid_id, created_at) VALUES ('93080018-4af7-42a1-81db-d414138aa430', 'd9d18bf1-cb64-419a-8fdc-e8fa07446415', 'e28dd032-5edf-44d6-9aa2-31f934291d3e', '2026-05-16T02:15:56.62224+00:00');
INSERT INTO public.procedure_cid (id, procedure_id, cid_id, created_at) VALUES ('35a6b1de-0efa-4c71-ba54-f97cc0fc664a', 'd9d18bf1-cb64-419a-8fdc-e8fa07446415', '009d2a03-e060-4227-9e40-11011f06433c', '2026-05-16T02:15:56.62224+00:00');
INSERT INTO public.procedure_cid (id, procedure_id, cid_id, created_at) VALUES ('5febeee7-32a4-4616-a474-e72c0e1d5f3b', 'd9d18bf1-cb64-419a-8fdc-e8fa07446415', '88eba804-f3e3-464f-8021-5f98a9c85aea', '2026-05-16T02:15:56.62224+00:00');
INSERT INTO public.procedure_cid (id, procedure_id, cid_id, created_at) VALUES ('ed1bee01-e3f6-403d-a7a3-f877276a8776', 'd9d18bf1-cb64-419a-8fdc-e8fa07446415', '89a1094b-de6e-4493-8e1c-b14eca114de8', '2026-05-16T02:15:56.62224+00:00');
INSERT INTO public.procedure_cid (id, procedure_id, cid_id, created_at) VALUES ('3254879a-d7d4-46b0-a58c-6ecb1b6fc8f8', 'd9d18bf1-cb64-419a-8fdc-e8fa07446415', 'a9fe6a56-cbd7-476a-880b-f7afede6bc0e', '2026-05-16T02:15:56.62224+00:00');
INSERT INTO public.procedure_cid (id, procedure_id, cid_id, created_at) VALUES ('382cc0cf-7b5c-423e-a458-287c160f8802', 'd9d18bf1-cb64-419a-8fdc-e8fa07446415', 'da34e0af-a36b-4d6d-951a-956c0af872e8', '2026-05-16T02:15:56.62224+00:00');
INSERT INTO public.procedure_cid (id, procedure_id, cid_id, created_at) VALUES ('66b573d1-ece8-423a-b720-cafc11b68938', 'd9d18bf1-cb64-419a-8fdc-e8fa07446415', 'fdd9b922-d5d3-4426-afcd-4c9e3bb3e2af', '2026-05-16T02:15:56.62224+00:00');
INSERT INTO public.procedure_cid (id, procedure_id, cid_id, created_at) VALUES ('ff873fc4-6744-435f-9a34-ec672d4d40d2', 'b47d179a-094b-42ad-bee0-945010ba03d2', '5ffeb1d7-b1e4-4735-b12a-2d9d50f2276a', '2026-05-16T02:19:03.759618+00:00');
INSERT INTO public.procedure_cid (id, procedure_id, cid_id, created_at) VALUES ('b769946b-a539-4f9f-9fc3-d66d061fc47a', '63ba7698-d50d-4327-83b8-f63c72e46093', '5ffeb1d7-b1e4-4735-b12a-2d9d50f2276a', '2026-05-17T18:52:19.820674+00:00');
INSERT INTO public.procedure_cid (id, procedure_id, cid_id, created_at) VALUES ('c413a6b3-01b1-46d8-9c2a-7613b54ede62', '63ba7698-d50d-4327-83b8-f63c72e46093', 'e28dd032-5edf-44d6-9aa2-31f934291d3e', '2026-05-17T18:52:19.820674+00:00');
INSERT INTO public.procedure_cid (id, procedure_id, cid_id, created_at) VALUES ('f8ca0517-7f22-4244-8c59-60096e898968', '63ba7698-d50d-4327-83b8-f63c72e46093', '009d2a03-e060-4227-9e40-11011f06433c', '2026-05-17T18:52:19.820674+00:00');
INSERT INTO public.procedure_cid (id, procedure_id, cid_id, created_at) VALUES ('3fb36fb2-9251-4926-9b05-23d2bfe63ac9', '63ba7698-d50d-4327-83b8-f63c72e46093', '88eba804-f3e3-464f-8021-5f98a9c85aea', '2026-05-17T18:52:19.820674+00:00');
INSERT INTO public.procedure_cid (id, procedure_id, cid_id, created_at) VALUES ('1c4d9b3f-3745-4aa7-b472-e54123b616de', '63ba7698-d50d-4327-83b8-f63c72e46093', '89a1094b-de6e-4493-8e1c-b14eca114de8', '2026-05-17T18:52:19.820674+00:00');
INSERT INTO public.procedure_cid (id, procedure_id, cid_id, created_at) VALUES ('21ea056d-42a2-4e44-8fa1-d19e2799637d', '63ba7698-d50d-4327-83b8-f63c72e46093', 'a9fe6a56-cbd7-476a-880b-f7afede6bc0e', '2026-05-17T18:52:19.820674+00:00');
INSERT INTO public.procedure_cid (id, procedure_id, cid_id, created_at) VALUES ('3dcc69ba-30be-48be-ba7e-d13bb767929d', '63ba7698-d50d-4327-83b8-f63c72e46093', 'da34e0af-a36b-4d6d-951a-956c0af872e8', '2026-05-17T18:52:19.820674+00:00');
INSERT INTO public.procedure_cid (id, procedure_id, cid_id, created_at) VALUES ('694799b9-dd6a-4f86-b22e-6be6e668a2c4', '63ba7698-d50d-4327-83b8-f63c72e46093', 'fdd9b922-d5d3-4426-afcd-4c9e3bb3e2af', '2026-05-17T18:52:19.820674+00:00');

-- Table: public.procedure_service_classifications (7 rows)
INSERT INTO public.procedure_service_classifications (id, procedure_id, service_classification_id, created_at) VALUES ('5ded0398-8b53-42dd-93a8-a586c472c291', '0cf4eed1-66bb-42c4-8110-95729b0c7c8d', 'f007097a-14ef-49e9-a89f-28208dbe1bbe', '2026-05-16T02:00:29.57062+00:00');
INSERT INTO public.procedure_service_classifications (id, procedure_id, service_classification_id, created_at) VALUES ('c35b8608-58cb-4e4b-8fe4-71b6dec3a349', '67da8b83-3789-4c82-ade4-dd0c1854297f', 'ceffab28-08a9-4de8-98cc-ef98a4747e49', '2026-05-16T02:03:50.674533+00:00');
INSERT INTO public.procedure_service_classifications (id, procedure_id, service_classification_id, created_at) VALUES ('e51e773b-a0d9-495d-a809-e65ab97c3d51', '567b422d-edc7-4d44-81ca-ea2967a2c9bc', '5a398bb1-4d99-4449-8dfb-e83cecd84eaa', '2026-05-16T02:09:09.426358+00:00');
INSERT INTO public.procedure_service_classifications (id, procedure_id, service_classification_id, created_at) VALUES ('516db82f-b731-439b-946d-7bb7f5ba7d4d', 'af18b2da-f3de-4b90-a484-7279b3541b14', 'ceffab28-08a9-4de8-98cc-ef98a4747e49', '2026-05-16T02:12:01.053829+00:00');
INSERT INTO public.procedure_service_classifications (id, procedure_id, service_classification_id, created_at) VALUES ('7dfb1c7d-76b4-4a30-a342-1433db4da07e', 'e842f927-21eb-4d8f-a03f-29568db1e493', 'ceffab28-08a9-4de8-98cc-ef98a4747e49', '2026-05-16T02:14:22.07303+00:00');
INSERT INTO public.procedure_service_classifications (id, procedure_id, service_classification_id, created_at) VALUES ('2afa61e5-0d5d-492f-879e-5088ee5bfbd3', 'd9d18bf1-cb64-419a-8fdc-e8fa07446415', 'ceffab28-08a9-4de8-98cc-ef98a4747e49', '2026-05-16T02:15:56.620529+00:00');
INSERT INTO public.procedure_service_classifications (id, procedure_id, service_classification_id, created_at) VALUES ('1917e0e9-ad4e-4487-9c9d-a90567e6a4d2', 'b47d179a-094b-42ad-bee0-945010ba03d2', 'ceffab28-08a9-4de8-98cc-ef98a4747e49', '2026-05-16T02:19:03.740977+00:00');

-- Table: public.procedure_specialties (43 rows)
INSERT INTO public.procedure_specialties (id, procedure_id, specialty_id, created_at) VALUES ('45455a8d-07d2-461a-aa50-a41b76bec473', '0df023fe-faa5-4519-a8df-9051cbafd1ce', 'e8dcdb6a-cbae-4748-b65e-3de597730888', '2026-05-16T00:10:44.182036+00:00');
INSERT INTO public.procedure_specialties (id, procedure_id, specialty_id, created_at) VALUES ('b989c674-e442-4632-a66b-5a1cf643552d', '0cf4eed1-66bb-42c4-8110-95729b0c7c8d', '71081872-d2d2-4ea5-8d81-00af2944a563', '2026-05-16T02:00:29.57982+00:00');
INSERT INTO public.procedure_specialties (id, procedure_id, specialty_id, created_at) VALUES ('ba8a50a4-f2be-45de-8030-d78bf2e86781', '67da8b83-3789-4c82-ade4-dd0c1854297f', '0d41ec5c-3550-4d31-8c26-3cc624ffba43', '2026-05-16T02:03:50.675444+00:00');
INSERT INTO public.procedure_specialties (id, procedure_id, specialty_id, created_at) VALUES ('e424da6c-17e8-4077-b0d1-cea09af3ce26', '67da8b83-3789-4c82-ade4-dd0c1854297f', '176af217-1bd4-44ca-b040-f2a6da8da4da', '2026-05-16T02:03:50.675444+00:00');
INSERT INTO public.procedure_specialties (id, procedure_id, specialty_id, created_at) VALUES ('020430e4-e5ae-4317-ba2e-3776adb29b86', '67da8b83-3789-4c82-ade4-dd0c1854297f', '663b90be-cce6-4bc0-9c3f-b06ec9ea384d', '2026-05-16T02:03:50.675444+00:00');
INSERT INTO public.procedure_specialties (id, procedure_id, specialty_id, created_at) VALUES ('51663f03-d820-4727-92e9-6a43b401e116', '67da8b83-3789-4c82-ade4-dd0c1854297f', '69ed8b00-7e7a-4814-bb93-7210bbf696ac', '2026-05-16T02:03:50.675444+00:00');
INSERT INTO public.procedure_specialties (id, procedure_id, specialty_id, created_at) VALUES ('bf7ff744-35be-43c5-850c-08aa112e15ff', '67da8b83-3789-4c82-ade4-dd0c1854297f', 'a3d57f66-d6af-4deb-9495-3479ac15bafa', '2026-05-16T02:03:50.675444+00:00');
INSERT INTO public.procedure_specialties (id, procedure_id, specialty_id, created_at) VALUES ('9980432c-b267-4fcb-99ec-1440ffc38e9e', '567b422d-edc7-4d44-81ca-ea2967a2c9bc', '25db58dd-613d-409d-ac58-ecf8536656da', '2026-05-16T02:09:09.348974+00:00');
INSERT INTO public.procedure_specialties (id, procedure_id, specialty_id, created_at) VALUES ('2fc40659-ded7-4ce2-b6a7-57aa74b3c0e5', 'af18b2da-f3de-4b90-a484-7279b3541b14', '0a3eb4c0-e15c-4d90-ac3e-41f96a04d0af', '2026-05-16T02:12:01.055142+00:00');
INSERT INTO public.procedure_specialties (id, procedure_id, specialty_id, created_at) VALUES ('e381f635-ee70-44c1-aa7b-e1329231da22', 'af18b2da-f3de-4b90-a484-7279b3541b14', '0d41ec5c-3550-4d31-8c26-3cc624ffba43', '2026-05-16T02:12:01.055142+00:00');
INSERT INTO public.procedure_specialties (id, procedure_id, specialty_id, created_at) VALUES ('01c5551a-eb76-4c56-b037-404b8293077a', 'af18b2da-f3de-4b90-a484-7279b3541b14', '663b90be-cce6-4bc0-9c3f-b06ec9ea384d', '2026-05-16T02:12:01.055142+00:00');
INSERT INTO public.procedure_specialties (id, procedure_id, specialty_id, created_at) VALUES ('fe0e25a4-c471-4a3f-85f1-b94d6fcf9a38', 'af18b2da-f3de-4b90-a484-7279b3541b14', '69ed8b00-7e7a-4814-bb93-7210bbf696ac', '2026-05-16T02:12:01.055142+00:00');
INSERT INTO public.procedure_specialties (id, procedure_id, specialty_id, created_at) VALUES ('f2844dd5-e363-473d-8c5a-2d31da0c9397', 'af18b2da-f3de-4b90-a484-7279b3541b14', '9a46643b-6c02-4cb8-8b23-966b844dcb56', '2026-05-16T02:12:01.055142+00:00');
INSERT INTO public.procedure_specialties (id, procedure_id, specialty_id, created_at) VALUES ('a52090d6-bedc-45ba-8367-8f4bd3f61681', 'af18b2da-f3de-4b90-a484-7279b3541b14', 'a3d57f66-d6af-4deb-9495-3479ac15bafa', '2026-05-16T02:12:01.055142+00:00');
INSERT INTO public.procedure_specialties (id, procedure_id, specialty_id, created_at) VALUES ('e1e1465c-ed16-4367-8635-e27483e78990', 'e842f927-21eb-4d8f-a03f-29568db1e493', '663b90be-cce6-4bc0-9c3f-b06ec9ea384d', '2026-05-16T02:14:22.072726+00:00');
INSERT INTO public.procedure_specialties (id, procedure_id, specialty_id, created_at) VALUES ('8e416757-d456-42a5-aba8-86398811a6a9', 'e842f927-21eb-4d8f-a03f-29568db1e493', '69ed8b00-7e7a-4814-bb93-7210bbf696ac', '2026-05-16T02:14:22.072726+00:00');
INSERT INTO public.procedure_specialties (id, procedure_id, specialty_id, created_at) VALUES ('0231d558-d0e5-4609-bfe1-d3b09ed8aea5', 'e842f927-21eb-4d8f-a03f-29568db1e493', 'a3d57f66-d6af-4deb-9495-3479ac15bafa', '2026-05-16T02:14:22.072726+00:00');
INSERT INTO public.procedure_specialties (id, procedure_id, specialty_id, created_at) VALUES ('3af9d2ce-6e19-4a06-86e6-8255e8a73ae4', 'd9d18bf1-cb64-419a-8fdc-e8fa07446415', 'a3d57f66-d6af-4deb-9495-3479ac15bafa', '2026-05-16T02:15:56.64267+00:00');
INSERT INTO public.procedure_specialties (id, procedure_id, specialty_id, created_at) VALUES ('6c5f32cf-ce1f-4221-a869-9aa7babe3612', 'd9d18bf1-cb64-419a-8fdc-e8fa07446415', '176af217-1bd4-44ca-b040-f2a6da8da4da', '2026-05-16T02:15:56.64267+00:00');
INSERT INTO public.procedure_specialties (id, procedure_id, specialty_id, created_at) VALUES ('07e1d601-ff4b-40ae-b25f-482c853312a2', 'd9d18bf1-cb64-419a-8fdc-e8fa07446415', '0a3eb4c0-e15c-4d90-ac3e-41f96a04d0af', '2026-05-16T02:15:56.64267+00:00');
INSERT INTO public.procedure_specialties (id, procedure_id, specialty_id, created_at) VALUES ('2fc14133-aa07-4247-b4ee-a92d573f07c4', 'd9d18bf1-cb64-419a-8fdc-e8fa07446415', '663b90be-cce6-4bc0-9c3f-b06ec9ea384d', '2026-05-16T02:15:56.64267+00:00');
INSERT INTO public.procedure_specialties (id, procedure_id, specialty_id, created_at) VALUES ('a4d07cb5-e533-4873-994a-68aabe18463a', 'd9d18bf1-cb64-419a-8fdc-e8fa07446415', '0d41ec5c-3550-4d31-8c26-3cc624ffba43', '2026-05-16T02:15:56.64267+00:00');
INSERT INTO public.procedure_specialties (id, procedure_id, specialty_id, created_at) VALUES ('8234ce54-2247-48b2-8c35-58d588317d54', 'd9d18bf1-cb64-419a-8fdc-e8fa07446415', '69ed8b00-7e7a-4814-bb93-7210bbf696ac', '2026-05-16T02:15:56.64267+00:00');
INSERT INTO public.procedure_specialties (id, procedure_id, specialty_id, created_at) VALUES ('c3e04d79-22d6-4078-b4e4-1e2b2c082ce9', 'fc81c735-86ca-48c3-b05c-e1109b924c8a', '0a3eb4c0-e15c-4d90-ac3e-41f96a04d0af', '2026-05-16T02:18:22.312979+00:00');
INSERT INTO public.procedure_specialties (id, procedure_id, specialty_id, created_at) VALUES ('613bf2a8-31a6-4b1d-b335-e4d5186d14c8', 'b47d179a-094b-42ad-bee0-945010ba03d2', '0d41ec5c-3550-4d31-8c26-3cc624ffba43', '2026-05-16T02:19:03.758426+00:00');
INSERT INTO public.procedure_specialties (id, procedure_id, specialty_id, created_at) VALUES ('4ad5874c-c9b3-4de1-a41d-91b2941da00d', '63ba7698-d50d-4327-83b8-f63c72e46093', '0a3eb4c0-e15c-4d90-ac3e-41f96a04d0af', '2026-05-17T18:52:19.813339+00:00');
INSERT INTO public.procedure_specialties (id, procedure_id, specialty_id, created_at) VALUES ('c426d85d-73fa-4bc3-9b21-1a272d944d01', '63ba7698-d50d-4327-83b8-f63c72e46093', '0d41ec5c-3550-4d31-8c26-3cc624ffba43', '2026-05-17T18:52:19.813339+00:00');
INSERT INTO public.procedure_specialties (id, procedure_id, specialty_id, created_at) VALUES ('f526df0a-2b1c-4be4-9c37-a6fa1f76e164', 'e190e947-fd98-483e-a817-9ebe97e4b5bc', 'a3d57f66-d6af-4deb-9495-3479ac15bafa', '2026-03-13T20:12:47.729729+00:00');
INSERT INTO public.procedure_specialties (id, procedure_id, specialty_id, created_at) VALUES ('2cb03776-7250-4572-8054-44c2e470c270', 'e190e947-fd98-483e-a817-9ebe97e4b5bc', '1ef055ce-2e68-4245-8535-3a79fb9745d0', '2026-03-13T20:12:47.729729+00:00');
INSERT INTO public.procedure_specialties (id, procedure_id, specialty_id, created_at) VALUES ('b08691cd-bd6a-422e-b56b-1bfd0156046d', 'e190e947-fd98-483e-a817-9ebe97e4b5bc', '663b90be-cce6-4bc0-9c3f-b06ec9ea384d', '2026-03-13T20:12:47.729729+00:00');
INSERT INTO public.procedure_specialties (id, procedure_id, specialty_id, created_at) VALUES ('7ec8f892-53be-49ce-a3fd-d965d4b2bd3b', 'e190e947-fd98-483e-a817-9ebe97e4b5bc', '69ed8b00-7e7a-4814-bb93-7210bbf696ac', '2026-03-13T20:12:47.729729+00:00');
INSERT INTO public.procedure_specialties (id, procedure_id, specialty_id, created_at) VALUES ('d4c8e4a5-fa33-45ad-86b0-65267ffc801d', '63ba7698-d50d-4327-83b8-f63c72e46093', '663b90be-cce6-4bc0-9c3f-b06ec9ea384d', '2026-05-17T18:52:19.813339+00:00');
INSERT INTO public.procedure_specialties (id, procedure_id, specialty_id, created_at) VALUES ('a47a3f8f-798f-4f1c-8f2d-1d744940b698', '63ba7698-d50d-4327-83b8-f63c72e46093', '69ed8b00-7e7a-4814-bb93-7210bbf696ac', '2026-05-17T18:52:19.813339+00:00');
INSERT INTO public.procedure_specialties (id, procedure_id, specialty_id, created_at) VALUES ('197e340d-cb56-4199-b866-54e5ff336c7a', '63ba7698-d50d-4327-83b8-f63c72e46093', 'a3cdc3b5-b49a-4def-bfa4-081520e82fdc', '2026-05-17T18:52:19.813339+00:00');
INSERT INTO public.procedure_specialties (id, procedure_id, specialty_id, created_at) VALUES ('8cfdde7f-b47f-413e-8ac8-10dc9661b6f0', '63ba7698-d50d-4327-83b8-f63c72e46093', 'a3d57f66-d6af-4deb-9495-3479ac15bafa', '2026-05-17T18:52:19.813339+00:00');
INSERT INTO public.procedure_specialties (id, procedure_id, specialty_id, created_at) VALUES ('2936cc61-655e-4313-91d1-0b3fd7ad4aaf', 'c5807ece-7c7c-4583-aad8-aa903e5af680', '176af217-1bd4-44ca-b040-f2a6da8da4da', '2026-05-14T02:16:58.847683+00:00');
INSERT INTO public.procedure_specialties (id, procedure_id, specialty_id, created_at) VALUES ('34c18ef7-897a-4933-b01e-c516ed54b90c', 'c5807ece-7c7c-4583-aad8-aa903e5af680', '25db58dd-613d-409d-ac58-ecf8536656da', '2026-05-14T02:16:58.847683+00:00');
INSERT INTO public.procedure_specialties (id, procedure_id, specialty_id, created_at) VALUES ('2104a9dc-35eb-4639-bed9-29202b2d5cee', 'c5807ece-7c7c-4583-aad8-aa903e5af680', '0a3eb4c0-e15c-4d90-ac3e-41f96a04d0af', '2026-05-14T02:16:58.847683+00:00');
INSERT INTO public.procedure_specialties (id, procedure_id, specialty_id, created_at) VALUES ('8e510add-d83d-412e-8588-aa28b1d01080', 'c5807ece-7c7c-4583-aad8-aa903e5af680', '9a46643b-6c02-4cb8-8b23-966b844dcb56', '2026-05-14T02:16:58.847683+00:00');
INSERT INTO public.procedure_specialties (id, procedure_id, specialty_id, created_at) VALUES ('4bace1a8-916d-4d96-a075-bd59029fd56e', 'c5807ece-7c7c-4583-aad8-aa903e5af680', '1ef055ce-2e68-4245-8535-3a79fb9745d0', '2026-05-14T02:16:58.847683+00:00');
INSERT INTO public.procedure_specialties (id, procedure_id, specialty_id, created_at) VALUES ('d2e2a0a4-002e-4a1c-93e2-4f5d9c993551', 'c5807ece-7c7c-4583-aad8-aa903e5af680', '0d41ec5c-3550-4d31-8c26-3cc624ffba43', '2026-05-14T02:16:58.847683+00:00');
INSERT INTO public.procedure_specialties (id, procedure_id, specialty_id, created_at) VALUES ('6bb9ad0e-e81b-4991-a545-466b7e9b5ada', 'c5807ece-7c7c-4583-aad8-aa903e5af680', 'a3cdc3b5-b49a-4def-bfa4-081520e82fdc', '2026-05-14T02:16:58.847683+00:00');
INSERT INTO public.procedure_specialties (id, procedure_id, specialty_id, created_at) VALUES ('76364efe-5de7-4847-b5be-127bbb42c2ab', 'c5807ece-7c7c-4583-aad8-aa903e5af680', '69ed8b00-7e7a-4814-bb93-7210bbf696ac', '2026-05-14T02:16:58.847683+00:00');

-- Table: public.clinic_procedure_prices (24 rows)
INSERT INTO public.clinic_procedure_prices (id, clinic_id, procedure_id, valor_sus, valor_rp, valid_from, valid_to, created_at, updated_at, contract_number, active, contract_id, quantidade_contratada, quantidade_saldo) VALUES ('c3d4e4b7-a4a0-4277-95a9-2d18105cef21', 'e18f78d8-e7e3-4d04-b842-63d1bc1b9e5e', 'e190e947-fd98-483e-a817-9ebe97e4b5bc', 0, 152.5, '2025-02-03', '2027-02-02', '2026-05-19T03:04:16.987898+00:00', '2026-05-19T03:04:16.987898+00:00', '49-FMS/PMM/2026', true, 'c43a1ea8-bbce-495f-b5b3-f2fb2b3b0640', 124, 124);
INSERT INTO public.clinic_procedure_prices (id, clinic_id, procedure_id, valor_sus, valor_rp, valid_from, valid_to, created_at, updated_at, contract_number, active, contract_id, quantidade_contratada, quantidade_saldo) VALUES ('79e7646f-5c18-4e18-a767-573aa765f7ba', 'e18f78d8-e7e3-4d04-b842-63d1bc1b9e5e', '63ba7698-d50d-4327-83b8-f63c72e46093', 17.67, 132.33, '2025-02-03', '2027-02-02', '2026-05-19T03:04:16.987898+00:00', '2026-05-19T03:04:16.987898+00:00', '49-FMS/PMM/2026', true, 'c43a1ea8-bbce-495f-b5b3-f2fb2b3b0640', 700, 700);
INSERT INTO public.clinic_procedure_prices (id, clinic_id, procedure_id, valor_sus, valor_rp, valid_from, valid_to, created_at, updated_at, contract_number, active, contract_id, quantidade_contratada, quantidade_saldo) VALUES ('98b612c9-b314-44cb-8c31-4cfdd1217fb3', 'e18f78d8-e7e3-4d04-b842-63d1bc1b9e5e', '67da8b83-3789-4c82-ade4-dd0c1854297f', 17.67, 142.33, '2025-02-03', '2027-02-02', '2026-05-19T03:04:16.987898+00:00', '2026-05-19T03:04:16.987898+00:00', '49-FMS/PMM/2026', true, 'c43a1ea8-bbce-495f-b5b3-f2fb2b3b0640', 782, 782);
INSERT INTO public.clinic_procedure_prices (id, clinic_id, procedure_id, valor_sus, valor_rp, valid_from, valid_to, created_at, updated_at, contract_number, active, contract_id, quantidade_contratada, quantidade_saldo) VALUES ('76633a9f-1a5c-4d60-814b-46c85be3d8da', 'e18f78d8-e7e3-4d04-b842-63d1bc1b9e5e', 'af18b2da-f3de-4b90-a484-7279b3541b14', 7.71, 152.29, '2025-02-03', '2027-02-02', '2026-05-19T03:04:16.987898+00:00', '2026-05-19T03:04:16.987898+00:00', '49-FMS/PMM/2026', true, 'c43a1ea8-bbce-495f-b5b3-f2fb2b3b0640', 1662, 1662);
INSERT INTO public.clinic_procedure_prices (id, clinic_id, procedure_id, valor_sus, valor_rp, valid_from, valid_to, created_at, updated_at, contract_number, active, contract_id, quantidade_contratada, quantidade_saldo) VALUES ('cda59c21-ee9b-44be-b9b7-8c4f1f719d80', 'e18f78d8-e7e3-4d04-b842-63d1bc1b9e5e', 'c5807ece-7c7c-4583-aad8-aa903e5af680', 6.3, 173.7, '2025-02-03', '2027-02-02', '2026-05-19T03:04:16.987898+00:00', '2026-05-19T03:04:16.987898+00:00', '49-FMS/PMM/2026', true, 'c43a1ea8-bbce-495f-b5b3-f2fb2b3b0640', 123, 123);
INSERT INTO public.clinic_procedure_prices (id, clinic_id, procedure_id, valor_sus, valor_rp, valid_from, valid_to, created_at, updated_at, contract_number, active, contract_id, quantidade_contratada, quantidade_saldo) VALUES ('752de035-415b-4dbb-8414-66483f802994', 'e18f78d8-e7e3-4d04-b842-63d1bc1b9e5e', '0df023fe-faa5-4519-a8df-9051cbafd1ce', 10, 590, '2025-02-03', '2027-02-02', '2026-05-19T03:04:16.987898+00:00', '2026-05-19T03:04:16.987898+00:00', '49-FMS/PMM/2026', false, 'c43a1ea8-bbce-495f-b5b3-f2fb2b3b0640', 0, 0);
INSERT INTO public.clinic_procedure_prices (id, clinic_id, procedure_id, valor_sus, valor_rp, valid_from, valid_to, created_at, updated_at, contract_number, active, contract_id, quantidade_contratada, quantidade_saldo) VALUES ('ec3c4aa3-69aa-4c86-974f-d364363a0413', 'e18f78d8-e7e3-4d04-b842-63d1bc1b9e5e', '0cf4eed1-66bb-42c4-8110-95729b0c7c8d', 10, 490, '2025-02-03', '2027-02-02', '2026-05-19T03:04:16.987898+00:00', '2026-05-19T03:04:16.987898+00:00', '49-FMS/PMM/2026', false, 'c43a1ea8-bbce-495f-b5b3-f2fb2b3b0640', 0, 0);
INSERT INTO public.clinic_procedure_prices (id, clinic_id, procedure_id, valor_sus, valor_rp, valid_from, valid_to, created_at, updated_at, contract_number, active, contract_id, quantidade_contratada, quantidade_saldo) VALUES ('8e59a8f9-097d-447b-9610-6a8ef1c97d12', 'e18f78d8-e7e3-4d04-b842-63d1bc1b9e5e', 'e842f927-21eb-4d8f-a03f-29568db1e493', 17.67, 142.33, '2025-02-03', '2027-02-02', '2026-05-19T03:04:16.987898+00:00', '2026-05-19T03:04:16.987898+00:00', '49-FMS/PMM/2026', true, 'c43a1ea8-bbce-495f-b5b3-f2fb2b3b0640', 343, 343);
INSERT INTO public.clinic_procedure_prices (id, clinic_id, procedure_id, valor_sus, valor_rp, valid_from, valid_to, created_at, updated_at, contract_number, active, contract_id, quantidade_contratada, quantidade_saldo) VALUES ('70742c57-033d-4f35-bd57-75b5cafa8cc2', 'e18f78d8-e7e3-4d04-b842-63d1bc1b9e5e', 'd9d18bf1-cb64-419a-8fdc-e8fa07446415', 17.67, 147.33, '2025-02-03', '2027-02-02', '2026-05-19T03:04:16.987898+00:00', '2026-05-19T03:04:16.987898+00:00', '49-FMS/PMM/2026', true, 'c43a1ea8-bbce-495f-b5b3-f2fb2b3b0640', 2536, 2536);
INSERT INTO public.clinic_procedure_prices (id, clinic_id, procedure_id, valor_sus, valor_rp, valid_from, valid_to, created_at, updated_at, contract_number, active, contract_id, quantidade_contratada, quantidade_saldo) VALUES ('473698ca-9a06-4e17-ab17-9384e223cd0f', 'e18f78d8-e7e3-4d04-b842-63d1bc1b9e5e', 'b47d179a-094b-42ad-bee0-945010ba03d2', 2.74, 1647.26, '2025-02-03', '2027-02-02', '2026-05-19T03:04:16.987898+00:00', '2026-05-19T03:04:16.987898+00:00', '49-FMS/PMM/2026', true, 'c43a1ea8-bbce-495f-b5b3-f2fb2b3b0640', 12, 12);
INSERT INTO public.clinic_procedure_prices (id, clinic_id, procedure_id, valor_sus, valor_rp, valid_from, valid_to, created_at, updated_at, contract_number, active, contract_id, quantidade_contratada, quantidade_saldo) VALUES ('11f2d2ea-fc55-4525-9936-98c9233d11cc', 'e18f78d8-e7e3-4d04-b842-63d1bc1b9e5e', '567b422d-edc7-4d44-81ca-ea2967a2c9bc', 10.9, 149.1, '2025-02-03', '2027-02-02', '2026-05-19T03:04:16.987898+00:00', '2026-05-19T03:04:16.987898+00:00', '49-FMS/PMM/2026', true, 'c43a1ea8-bbce-495f-b5b3-f2fb2b3b0640', 1281, 1281);
INSERT INTO public.clinic_procedure_prices (id, clinic_id, procedure_id, valor_sus, valor_rp, valid_from, valid_to, created_at, updated_at, contract_number, active, contract_id, quantidade_contratada, quantidade_saldo) VALUES ('1cd4b026-3429-42c7-9f3b-bd0140336fc9', 'e18f78d8-e7e3-4d04-b842-63d1bc1b9e5e', 'fc81c735-86ca-48c3-b05c-e1109b924c8a', 0, 160, '2025-02-03', '2027-02-02', '2026-05-19T03:04:16.987898+00:00', '2026-05-19T03:04:16.987898+00:00', '49-FMS/PMM/2026', true, 'c43a1ea8-bbce-495f-b5b3-f2fb2b3b0640', 124, 124);
INSERT INTO public.clinic_procedure_prices (id, clinic_id, procedure_id, valor_sus, valor_rp, valid_from, valid_to, created_at, updated_at, contract_number, active, contract_id, quantidade_contratada, quantidade_saldo) VALUES ('f69d11a8-ad1b-42ae-bb35-94694508de9d', 'e91febef-a914-40d5-a3c6-f43d35333cab', 'd9d18bf1-cb64-419a-8fdc-e8fa07446415', 17.67, 147.33, '2025-11-27', '2026-11-26', '2026-05-19T03:16:20.286877+00:00', '2026-05-19T03:16:20.286877+00:00', '473-FMS/PMM/2025', true, 'd955df61-8307-4aab-b40a-5749f6cbe66f', 2536, 2536);
INSERT INTO public.clinic_procedure_prices (id, clinic_id, procedure_id, valor_sus, valor_rp, valid_from, valid_to, created_at, updated_at, contract_number, active, contract_id, quantidade_contratada, quantidade_saldo) VALUES ('9b6814c9-64d6-4e6e-a801-b07b7293ddde', 'e91febef-a914-40d5-a3c6-f43d35333cab', '67da8b83-3789-4c82-ade4-dd0c1854297f', 17.67, 142.33, '2025-11-27', '2026-11-26', '2026-05-19T03:16:20.286877+00:00', '2026-05-19T03:16:20.286877+00:00', '473-FMS/PMM/2025', true, 'd955df61-8307-4aab-b40a-5749f6cbe66f', 782, 782);
INSERT INTO public.clinic_procedure_prices (id, clinic_id, procedure_id, valor_sus, valor_rp, valid_from, valid_to, created_at, updated_at, contract_number, active, contract_id, quantidade_contratada, quantidade_saldo) VALUES ('cc1d633b-1d46-4fc8-89de-740b2890ec05', 'e91febef-a914-40d5-a3c6-f43d35333cab', '63ba7698-d50d-4327-83b8-f63c72e46093', 17.67, 132.33, '2025-11-27', '2026-11-26', '2026-05-19T03:16:20.286877+00:00', '2026-05-19T03:16:20.286877+00:00', '473-FMS/PMM/2025', true, 'd955df61-8307-4aab-b40a-5749f6cbe66f', 700, 700);
INSERT INTO public.clinic_procedure_prices (id, clinic_id, procedure_id, valor_sus, valor_rp, valid_from, valid_to, created_at, updated_at, contract_number, active, contract_id, quantidade_contratada, quantidade_saldo) VALUES ('ab2e2d80-ceab-4e1b-8644-b90ab058afd6', 'e91febef-a914-40d5-a3c6-f43d35333cab', 'b47d179a-094b-42ad-bee0-945010ba03d2', 2.74, 1647.26, '2025-11-27', '2026-11-26', '2026-05-19T03:16:20.286877+00:00', '2026-05-19T03:16:20.286877+00:00', '473-FMS/PMM/2025', true, 'd955df61-8307-4aab-b40a-5749f6cbe66f', 12, 12);
INSERT INTO public.clinic_procedure_prices (id, clinic_id, procedure_id, valor_sus, valor_rp, valid_from, valid_to, created_at, updated_at, contract_number, active, contract_id, quantidade_contratada, quantidade_saldo) VALUES ('49c97a22-f8f7-40d9-89cc-025a255955c9', 'e91febef-a914-40d5-a3c6-f43d35333cab', 'e842f927-21eb-4d8f-a03f-29568db1e493', 17.67, 142.33, '2025-11-27', '2026-11-26', '2026-05-19T03:16:20.286877+00:00', '2026-05-19T03:16:20.286877+00:00', '473-FMS/PMM/2025', true, 'd955df61-8307-4aab-b40a-5749f6cbe66f', 343, 343);
INSERT INTO public.clinic_procedure_prices (id, clinic_id, procedure_id, valor_sus, valor_rp, valid_from, valid_to, created_at, updated_at, contract_number, active, contract_id, quantidade_contratada, quantidade_saldo) VALUES ('1886b8df-9a32-4a67-98c9-50a5626940b5', 'e91febef-a914-40d5-a3c6-f43d35333cab', 'e190e947-fd98-483e-a817-9ebe97e4b5bc', 0, 152.5, '2025-11-27', '2026-11-26', '2026-05-19T03:16:20.286877+00:00', '2026-05-19T03:16:20.286877+00:00', '473-FMS/PMM/2025', true, 'd955df61-8307-4aab-b40a-5749f6cbe66f', 124, 124);
INSERT INTO public.clinic_procedure_prices (id, clinic_id, procedure_id, valor_sus, valor_rp, valid_from, valid_to, created_at, updated_at, contract_number, active, contract_id, quantidade_contratada, quantidade_saldo) VALUES ('14ca4785-774f-447f-a2ac-edcee92c6799', 'e91febef-a914-40d5-a3c6-f43d35333cab', 'af18b2da-f3de-4b90-a484-7279b3541b14', 7.71, 152.29, '2025-11-27', '2026-11-26', '2026-05-19T03:16:20.286877+00:00', '2026-05-19T03:16:20.286877+00:00', '473-FMS/PMM/2025', true, 'd955df61-8307-4aab-b40a-5749f6cbe66f', 1662, 1662);
INSERT INTO public.clinic_procedure_prices (id, clinic_id, procedure_id, valor_sus, valor_rp, valid_from, valid_to, created_at, updated_at, contract_number, active, contract_id, quantidade_contratada, quantidade_saldo) VALUES ('dd59e9b7-a1a2-4ab9-b41e-5a28df82344b', 'e91febef-a914-40d5-a3c6-f43d35333cab', 'c5807ece-7c7c-4583-aad8-aa903e5af680', 6.3, 173.7, '2025-11-27', '2026-11-26', '2026-05-19T03:16:20.286877+00:00', '2026-05-19T03:16:20.286877+00:00', '473-FMS/PMM/2025', true, 'd955df61-8307-4aab-b40a-5749f6cbe66f', 123, 123);
INSERT INTO public.clinic_procedure_prices (id, clinic_id, procedure_id, valor_sus, valor_rp, valid_from, valid_to, created_at, updated_at, contract_number, active, contract_id, quantidade_contratada, quantidade_saldo) VALUES ('75ced989-7a87-415d-8d3a-48bb2cc3e527', 'e91febef-a914-40d5-a3c6-f43d35333cab', '0df023fe-faa5-4519-a8df-9051cbafd1ce', 10, 590, '2025-11-27', '2026-11-26', '2026-05-19T03:16:20.286877+00:00', '2026-05-19T03:16:20.286877+00:00', '473-FMS/PMM/2025', true, 'd955df61-8307-4aab-b40a-5749f6cbe66f', 123, 123);
INSERT INTO public.clinic_procedure_prices (id, clinic_id, procedure_id, valor_sus, valor_rp, valid_from, valid_to, created_at, updated_at, contract_number, active, contract_id, quantidade_contratada, quantidade_saldo) VALUES ('84f82794-9197-45af-804e-621bca1f0022', 'e91febef-a914-40d5-a3c6-f43d35333cab', 'fc81c735-86ca-48c3-b05c-e1109b924c8a', 0, 160, '2025-11-27', '2026-11-26', '2026-05-19T03:16:20.286877+00:00', '2026-05-19T03:16:20.286877+00:00', '473-FMS/PMM/2025', true, 'd955df61-8307-4aab-b40a-5749f6cbe66f', 124, 124);
INSERT INTO public.clinic_procedure_prices (id, clinic_id, procedure_id, valor_sus, valor_rp, valid_from, valid_to, created_at, updated_at, contract_number, active, contract_id, quantidade_contratada, quantidade_saldo) VALUES ('83c622ca-e4f2-4345-b658-2cffea52b097', 'e91febef-a914-40d5-a3c6-f43d35333cab', '0cf4eed1-66bb-42c4-8110-95729b0c7c8d', 10, 490, '2025-11-27', '2026-11-26', '2026-05-19T03:16:20.286877+00:00', '2026-05-19T03:16:20.286877+00:00', '473-FMS/PMM/2025', true, 'd955df61-8307-4aab-b40a-5749f6cbe66f', 31, 31);
INSERT INTO public.clinic_procedure_prices (id, clinic_id, procedure_id, valor_sus, valor_rp, valid_from, valid_to, created_at, updated_at, contract_number, active, contract_id, quantidade_contratada, quantidade_saldo) VALUES ('8bc24111-f793-40dc-bc12-6e4ffb02c6a1', 'e91febef-a914-40d5-a3c6-f43d35333cab', '567b422d-edc7-4d44-81ca-ea2967a2c9bc', 10.9, 149.1, '2025-11-27', '2026-11-26', '2026-05-19T03:16:20.286877+00:00', '2026-05-19T03:16:20.286877+00:00', '473-FMS/PMM/2025', true, 'd955df61-8307-4aab-b40a-5749f6cbe66f', 1281, 1281);

-- Table: public.attendances (5 rows)
INSERT INTO public.attendances (id, clinic_id, professional_id, patient_id, procedure_id, attendance_date, start_time, end_time, cid, auth_number, month_year, status, created_at, notes, value_applied, authorization_date, authorized_quantity, attendance_character, quantity, professional_cbo, service_classification_id, is_historical_import) VALUES ('5ebbaba5-e2b9-4bfe-b7b0-bde3fadb845b', 'e18f78d8-e7e3-4d04-b842-63d1bc1b9e5e', 'e9ac02d1-3a52-4613-bf99-c075929f50db', 'e7e34724-349f-4f78-9d25-c3013bcbc757', 'c5807ece-7c7c-4583-aad8-aa903e5af680', '2026-05-12', NULL, NULL, '', '123456', '05/2026', 'Realizada', '2026-05-12T22:48:57.996582+00:00', '', 900, '2026-04-12', 20, '01', 5, '223810', NULL, false);
INSERT INTO public.attendances (id, clinic_id, professional_id, patient_id, procedure_id, attendance_date, start_time, end_time, cid, auth_number, month_year, status, created_at, notes, value_applied, authorization_date, authorized_quantity, attendance_character, quantity, professional_cbo, service_classification_id, is_historical_import) VALUES ('b752fc61-8a03-431f-975f-5e2bab2417a3', 'e18f78d8-e7e3-4d04-b842-63d1bc1b9e5e', 'db76a30a-d107-4879-9a7c-17c1b34f509b', '1680c248-e28b-416b-bbf9-fe8507ca4545', '63ba7698-d50d-4327-83b8-f63c72e46093', '2026-05-17', NULL, NULL, 'F840', '', '05/2026', 'Realizada', '2026-05-17T18:53:38.398224+00:00', '', 150, '2026-04-17', 20, '01', 1, '223905', NULL, false);
INSERT INTO public.attendances (id, clinic_id, professional_id, patient_id, procedure_id, attendance_date, start_time, end_time, cid, auth_number, month_year, status, created_at, notes, value_applied, authorization_date, authorized_quantity, attendance_character, quantity, professional_cbo, service_classification_id, is_historical_import) VALUES ('910e5d09-2fc6-4bb4-81d7-a05449763242', 'e91febef-a914-40d5-a3c6-f43d35333cab', '91d8328f-42c4-4e31-8346-322e103b0d2a', '1230bb81-db25-4e31-8446-90eb9fa9033d', 'e842f927-21eb-4d8f-a03f-29568db1e493', '2026-05-16', NULL, NULL, 'F842', '', '05/2026', 'Realizada', '2026-05-16T23:49:49.866847+00:00', '', 160, '2026-04-16', 20, '01', 1, '239415', 'ceffab28-08a9-4de8-98cc-ef98a4747e49', false);
INSERT INTO public.attendances (id, clinic_id, professional_id, patient_id, procedure_id, attendance_date, start_time, end_time, cid, auth_number, month_year, status, created_at, notes, value_applied, authorization_date, authorized_quantity, attendance_character, quantity, professional_cbo, service_classification_id, is_historical_import) VALUES ('e2dea47e-3f25-48e2-997d-d50b55c07dc0', 'e91febef-a914-40d5-a3c6-f43d35333cab', '235caebd-24b1-40b4-9a6c-245047eeba3a', '9a3c12e8-c25f-4251-bbff-49354b79704e', 'c5807ece-7c7c-4583-aad8-aa903e5af680', '2026-05-16', NULL, NULL, '', '', '05/2026', 'Pendente', '2026-05-17T01:30:01.070701+00:00', '', 0, NULL, 3, '01', 0, '239425', NULL, false);
INSERT INTO public.attendances (id, clinic_id, professional_id, patient_id, procedure_id, attendance_date, start_time, end_time, cid, auth_number, month_year, status, created_at, notes, value_applied, authorization_date, authorized_quantity, attendance_character, quantity, professional_cbo, service_classification_id, is_historical_import) VALUES ('9d91e206-acb9-440f-a77f-f6d55c311aa7', 'e18f78d8-e7e3-4d04-b842-63d1bc1b9e5e', 'd9a81b63-8d9b-480f-9432-f4824cf4b512', 'e3c6f656-89a0-417d-8440-46308779b626', 'd9d18bf1-cb64-419a-8fdc-e8fa07446415', '2026-05-12', NULL, NULL, 'F841', '', '05/2026', 'Realizada', '2026-05-13T02:02:20.738148+00:00', '', 660, '2026-04-12', 20, '01', 4, '251510', 'ceffab28-08a9-4de8-98cc-ef98a4747e49', false);

-- Table: public.attendance_sessions (17 rows)
INSERT INTO public.attendance_sessions (id, attendance_id, session_date, start_time, end_time, status, created_at, updated_at, justification, validated_at, validation_ip, validation_ua, validation_geo, validation_nonce, validation_attempts, validation_distance, is_out_of_range, action_by_login, validation_type) VALUES ('88c499bc-1759-4803-9bbd-cc4dacced9e5', '5ebbaba5-e2b9-4bfe-b7b0-bde3fadb845b', '2026-05-19', '11:00:00', '11:50:00', 'Realizada', '2026-05-19T14:08:09.092019+00:00', '2026-05-19T14:11:55.28769+00:00', NULL, '2026-05-19T14:11:55.185+00:00', '179.151.219.32', 'Mozilla/5.0 (Linux; Android 10; K) AppleWebKit/537.36 (KHTML, like Gecko) Chrome/148.0.0.0 Mobile Safari/537.36', '{"lat":-5.360033,"lng":-49.1227584,"accuracy":13.378999710083008}'::jsonb, NULL, 1, 812.363973173739, true, NULL, NULL);
INSERT INTO public.attendance_sessions (id, attendance_id, session_date, start_time, end_time, status, created_at, updated_at, justification, validated_at, validation_ip, validation_ua, validation_geo, validation_nonce, validation_attempts, validation_distance, is_out_of_range, action_by_login, validation_type) VALUES ('f6ce5c15-6ce5-4ac3-b6ed-f12dbebab6b6', 'b752fc61-8a03-431f-975f-5e2bab2417a3', '2026-05-21', '08:00:00', '08:50:00', 'Não Realizado', '2026-05-21T23:06:16.282855+00:00', '2026-05-21T23:06:16.282855+00:00', NULL, NULL, NULL, NULL, NULL, NULL, 0, NULL, false, NULL, NULL);
INSERT INTO public.attendance_sessions (id, attendance_id, session_date, start_time, end_time, status, created_at, updated_at, justification, validated_at, validation_ip, validation_ua, validation_geo, validation_nonce, validation_attempts, validation_distance, is_out_of_range, action_by_login, validation_type) VALUES ('5336b7e2-a601-4370-8856-fd6c34867afa', '5ebbaba5-e2b9-4bfe-b7b0-bde3fadb845b', '2026-05-12', '20:00:00', '20:50:00', 'Realizada', '2026-05-12T22:48:58.217102+00:00', '2026-05-12T22:51:04.744336+00:00', '', '2026-05-12T22:51:04.33+00:00', '45.173.175.20', 'Mozilla/5.0 (Linux; Android 10; K) AppleWebKit/537.36 (KHTML, like Gecko) Chrome/148.0.0.0 Mobile Safari/537.36', '{"lat":-5.3606527,"lng":-49.1229005,"accuracy":15.583000183105469}'::jsonb, NULL, 1, 808.535741898292, true, NULL, NULL);
INSERT INTO public.attendance_sessions (id, attendance_id, session_date, start_time, end_time, status, created_at, updated_at, justification, validated_at, validation_ip, validation_ua, validation_geo, validation_nonce, validation_attempts, validation_distance, is_out_of_range, action_by_login, validation_type) VALUES ('5d6dd33f-552a-4032-a6bc-881fff6be5e7', '5ebbaba5-e2b9-4bfe-b7b0-bde3fadb845b', '2026-05-12', '21:00:00', '21:50:00', 'Realizada', '2026-05-12T23:52:42.921831+00:00', '2026-05-12T23:54:11.164566+00:00', '', '2026-05-12T23:54:11.024+00:00', '45.173.175.20', 'Mozilla/5.0 (Linux; Android 10; K) AppleWebKit/537.36 (KHTML, like Gecko) Chrome/148.0.0.0 Mobile Safari/537.36', '{"lat":-5.3606671,"lng":-49.1229097,"accuracy":16.106000900268555}'::jsonb, NULL, 1, 809.155359828088, true, NULL, NULL);
INSERT INTO public.attendance_sessions (id, attendance_id, session_date, start_time, end_time, status, created_at, updated_at, justification, validated_at, validation_ip, validation_ua, validation_geo, validation_nonce, validation_attempts, validation_distance, is_out_of_range, action_by_login, validation_type) VALUES ('cc20bdfa-8bb9-4ff4-b614-d1e89f19484c', '9d91e206-acb9-440f-a77f-f6d55c311aa7', '2026-05-16', '15:00:00', '15:50:00', 'Realizada', '2026-05-16T17:31:54.237084+00:00', '2026-05-16T17:34:00.52558+00:00', NULL, '2026-05-16T17:34:00.444+00:00', '177.55.72.54', 'Mozilla/5.0 (Linux; Android 10; K) AppleWebKit/537.36 (KHTML, like Gecko) Chrome/148.0.0.0 Mobile Safari/537.36', '{"lat":-5.3767587,"lng":-49.1306446,"accuracy":17.082000732421875}'::jsonb, NULL, 1, 2295.62243478874, true, NULL, NULL);
INSERT INTO public.attendance_sessions (id, attendance_id, session_date, start_time, end_time, status, created_at, updated_at, justification, validated_at, validation_ip, validation_ua, validation_geo, validation_nonce, validation_attempts, validation_distance, is_out_of_range, action_by_login, validation_type) VALUES ('7ccd2449-55c5-4b5b-a7de-d10830755486', '5ebbaba5-e2b9-4bfe-b7b0-bde3fadb845b', '2026-05-12', '22:00:00', '22:50:00', 'Realizada', '2026-05-13T00:15:56.528685+00:00', '2026-05-13T00:17:31.4983+00:00', '', '2026-05-13T00:17:31.416+00:00', '179.151.217.37', 'Mozilla/5.0 (Linux; Android 10; K) AppleWebKit/537.36 (KHTML, like Gecko) Chrome/148.0.0.0 Mobile Safari/537.36', '{"lat":-5.3606499,"lng":-49.122915,"accuracy":17.21299934387207}'::jsonb, NULL, 1, 810.169389742106, true, NULL, NULL);
INSERT INTO public.attendance_sessions (id, attendance_id, session_date, start_time, end_time, status, created_at, updated_at, justification, validated_at, validation_ip, validation_ua, validation_geo, validation_nonce, validation_attempts, validation_distance, is_out_of_range, action_by_login, validation_type) VALUES ('064507d4-e3bd-4d7b-9c6e-dbf21371f843', '9d91e206-acb9-440f-a77f-f6d55c311aa7', '2026-05-16', '17:00:00', '17:50:00', 'Pendente', '2026-05-16T22:48:06.463283+00:00', '2026-05-16T22:48:06.463283+00:00', 'Corrija o horário', '2026-05-16T22:48:05.697+00:00', '::1', 'Mozilla/5.0 (Windows NT 10.0; Win64; x64) AppleWebKit/537.36 (KHTML, like Gecko) Chrome/148.0.0.0 Safari/537.36', NULL, NULL, 0, NULL, false, 'fernandomarculino@gmail.com', 'PENDENCIA');
INSERT INTO public.attendance_sessions (id, attendance_id, session_date, start_time, end_time, status, created_at, updated_at, justification, validated_at, validation_ip, validation_ua, validation_geo, validation_nonce, validation_attempts, validation_distance, is_out_of_range, action_by_login, validation_type) VALUES ('cfe9a1b5-e759-4f52-9ccc-cda3a5d328ef', '9d91e206-acb9-440f-a77f-f6d55c311aa7', '2026-05-16', '18:00:00', '18:50:00', 'Glosado', '2026-05-16T22:48:06.463283+00:00', '2026-05-16T22:48:06.463283+00:00', 'Não autorizado', '2026-05-16T22:48:05.697+00:00', '::1', 'Mozilla/5.0 (Windows NT 10.0; Win64; x64) AppleWebKit/537.36 (KHTML, like Gecko) Chrome/148.0.0.0 Safari/537.36', NULL, NULL, 0, NULL, false, 'fernandomarculino@gmail.com', 'GLOSA');
INSERT INTO public.attendance_sessions (id, attendance_id, session_date, start_time, end_time, status, created_at, updated_at, justification, validated_at, validation_ip, validation_ua, validation_geo, validation_nonce, validation_attempts, validation_distance, is_out_of_range, action_by_login, validation_type) VALUES ('98eaebdf-4c79-4664-a520-5ac71e29cdd0', '9d91e206-acb9-440f-a77f-f6d55c311aa7', '2026-05-12', '23:00:00', '23:50:00', 'Realizada', '2026-05-13T02:02:20.863828+00:00', '2026-05-13T02:08:52.103742+00:00', '', '2026-05-13T02:08:52.026+00:00', '177.55.72.54', 'Mozilla/5.0 (Linux; Android 10; K) AppleWebKit/537.36 (KHTML, like Gecko) Chrome/148.0.0.0 Mobile Safari/537.36', '{"lat":-5.3766969,"lng":-49.1307547,"accuracy":15.595000267028809}'::jsonb, NULL, 1, 2299.59131625652, true, NULL, NULL);
INSERT INTO public.attendance_sessions (id, attendance_id, session_date, start_time, end_time, status, created_at, updated_at, justification, validated_at, validation_ip, validation_ua, validation_geo, validation_nonce, validation_attempts, validation_distance, is_out_of_range, action_by_login, validation_type) VALUES ('72ef5e87-9c6e-4094-b372-812f4ee12c6b', '9d91e206-acb9-440f-a77f-f6d55c311aa7', '2026-05-16', '16:00:00', '16:50:00', 'Realizada', '2026-05-16T23:04:40.916128+00:00', '2026-05-16T23:04:40.916128+00:00', 'outra coisa', '2026-05-16T23:04:40.602+00:00', '177.55.72.54', 'Mozilla/5.0 (Windows NT 10.0; Win64; x64) AppleWebKit/537.36 (KHTML, like Gecko) Chrome/148.0.0.0 Safari/537.36', NULL, NULL, 0, NULL, false, 'fernandomarculino@gmail.com', 'MANUAL_AUTH');
INSERT INTO public.attendance_sessions (id, attendance_id, session_date, start_time, end_time, status, created_at, updated_at, justification, validated_at, validation_ip, validation_ua, validation_geo, validation_nonce, validation_attempts, validation_distance, is_out_of_range, action_by_login, validation_type) VALUES ('b067b2db-7d02-4b26-ad4c-55d7bd8bbb6b', '910e5d09-2fc6-4bb4-81d7-a05449763242', '2026-05-16', '21:00:00', '21:50:00', 'Realizada', '2026-05-16T23:50:07.352575+00:00', '2026-05-16T23:57:41.517582+00:00', NULL, '2026-05-16T23:57:41.443+00:00', '177.55.72.54', 'Mozilla/5.0 (Linux; Android 10; K) AppleWebKit/537.36 (KHTML, like Gecko) Chrome/148.0.0.0 Mobile Safari/537.36', '{"lat":-5.376682,"lng":-49.1307733,"accuracy":17.577999114990234}'::jsonb, NULL, 1, 1593.87190670585, true, NULL, NULL);
INSERT INTO public.attendance_sessions (id, attendance_id, session_date, start_time, end_time, status, created_at, updated_at, justification, validated_at, validation_ip, validation_ua, validation_geo, validation_nonce, validation_attempts, validation_distance, is_out_of_range, action_by_login, validation_type) VALUES ('08f946e6-31b4-4f41-b475-966615e58a7b', '5ebbaba5-e2b9-4bfe-b7b0-bde3fadb845b', '2026-05-12', '22:51:00', '23:41:00', 'Realizada', '2026-05-16T22:39:12.218124+00:00', '2026-05-16T22:39:12.218124+00:00', 'dgf dfdgfdf dfgg df', '2026-05-16T22:39:11.458+00:00', '::1', 'Mozilla/5.0 (Windows NT 10.0; Win64; x64) AppleWebKit/537.36 (KHTML, like Gecko) Chrome/148.0.0.0 Safari/537.36', NULL, NULL, 0, NULL, false, 'fernandomarculino@gmail.com', 'MANUAL_AUTH');
INSERT INTO public.attendance_sessions (id, attendance_id, session_date, start_time, end_time, status, created_at, updated_at, justification, validated_at, validation_ip, validation_ua, validation_geo, validation_nonce, validation_attempts, validation_distance, is_out_of_range, action_by_login, validation_type) VALUES ('74bf32b9-879d-4d74-943f-f62ccefabf0f', '910e5d09-2fc6-4bb4-81d7-a05449763242', '2026-05-16', '22:00:00', '22:50:00', 'Não Realizado', '2026-05-17T00:40:21.738673+00:00', '2026-05-17T00:40:21.738673+00:00', NULL, NULL, NULL, NULL, NULL, NULL, 0, NULL, false, NULL, NULL);
INSERT INTO public.attendance_sessions (id, attendance_id, session_date, start_time, end_time, status, created_at, updated_at, justification, validated_at, validation_ip, validation_ua, validation_geo, validation_nonce, validation_attempts, validation_distance, is_out_of_range, action_by_login, validation_type) VALUES ('a55ad1c8-d1c2-44f3-956e-9a40577ae16e', 'e2dea47e-3f25-48e2-997d-d50b55c07dc0', '2026-05-16', '23:00:00', '23:50:00', 'Não Realizado', '2026-05-17T01:36:38.497607+00:00', '2026-05-17T01:36:38.497607+00:00', NULL, NULL, NULL, NULL, NULL, NULL, 0, NULL, false, NULL, NULL);
INSERT INTO public.attendance_sessions (id, attendance_id, session_date, start_time, end_time, status, created_at, updated_at, justification, validated_at, validation_ip, validation_ua, validation_geo, validation_nonce, validation_attempts, validation_distance, is_out_of_range, action_by_login, validation_type) VALUES ('41ee9482-1df1-41ea-8364-f21c4b8b87d1', 'b752fc61-8a03-431f-975f-5e2bab2417a3', '2026-05-17', '16:00:00', '16:50:00', 'Realizada', '2026-05-17T18:53:50.618441+00:00', '2026-05-17T18:53:50.618441+00:00', NULL, '2026-05-17T18:53:50.548+00:00', '177.55.72.54', 'Mozilla/5.0 (Windows NT 10.0; Win64; x64) AppleWebKit/537.36 (KHTML, like Gecko) Chrome/148.0.0.0 Safari/537.36', NULL, NULL, 0, NULL, false, 'fernandomarculino@gmail.com', 'MANUAL_AUTH');
INSERT INTO public.attendance_sessions (id, attendance_id, session_date, start_time, end_time, status, created_at, updated_at, justification, validated_at, validation_ip, validation_ua, validation_geo, validation_nonce, validation_attempts, validation_distance, is_out_of_range, action_by_login, validation_type) VALUES ('6b3cf01b-e4ba-4299-af34-9415f0431623', '9d91e206-acb9-440f-a77f-f6d55c311aa7', '2026-05-16', '19:00:00', '19:50:00', 'Não Realizado', '2026-05-18T14:12:54.84107+00:00', '2026-05-18T14:12:54.84107+00:00', NULL, NULL, NULL, NULL, NULL, NULL, 0, NULL, false, NULL, NULL);
INSERT INTO public.attendance_sessions (id, attendance_id, session_date, start_time, end_time, status, created_at, updated_at, justification, validated_at, validation_ip, validation_ua, validation_geo, validation_nonce, validation_attempts, validation_distance, is_out_of_range, action_by_login, validation_type) VALUES ('cdec831d-6d63-4f0c-905d-80cdc412b259', '9d91e206-acb9-440f-a77f-f6d55c311aa7', '2026-05-18', '11:00:00', '11:50:00', 'Realizada', '2026-05-18T14:12:54.84107+00:00', '2026-05-18T14:17:05.739684+00:00', NULL, '2026-05-18T14:17:05.615+00:00', '45.173.175.20', 'Mozilla/5.0 (Linux; Android 10; K) AppleWebKit/537.36 (KHTML, like Gecko) Chrome/148.0.0.0 Mobile Safari/537.36', '{"lat":-5.3605006,"lng":-49.1228825,"accuracy":25.042999267578125}'::jsonb, NULL, 1, 810.712811384605, true, NULL, NULL);

-- Table: public.competences (0 rows)

-- Table: public.import_historical_records (0 rows)

-- Table: public.report_requests (19 rows)
INSERT INTO public.report_requests (id, filters, user_id, created_at, expires_at) VALUES ('7f5fce53-5cce-4dc3-8974-41bb9388bc25', '{"mode":"preview","type":"billing","end_date":"2026-05-31","clinic_id":"","patient_id":"","start_date":"2026-05-01","procedure_id":"","competence_id":"","professional_id":""}'::jsonb, '5b54e1ed-57ea-43f3-a2a3-6a35a706bb95', '2026-05-16T15:29:16.295821+00:00', '2026-05-16T15:39:16.295821+00:00');
INSERT INTO public.report_requests (id, filters, user_id, created_at, expires_at) VALUES ('bc753f77-9e72-4c75-acde-3a2e8efc2d05', '{"mode":"preview","type":"billing","end_date":"2026-05-31","clinic_id":"e18f78d8-e7e3-4d04-b842-63d1bc1b9e5e","patient_id":"","start_date":"2026-05-01","procedure_id":"","competence_id":"","professional_id":""}'::jsonb, '208ef83f-a5cd-4fff-97b9-bd7c2c8cebed', '2026-05-16T15:36:40.270778+00:00', '2026-05-16T15:46:40.270778+00:00');
INSERT INTO public.report_requests (id, filters, user_id, created_at, expires_at) VALUES ('170273c4-3105-4c55-9b23-207ed32a583a', '{"mode":"preview","type":"billing","end_date":"2026-05-31","clinic_id":"","patient_id":"","start_date":"2026-05-01","procedure_id":"","competence_id":"","professional_id":""}'::jsonb, '5b54e1ed-57ea-43f3-a2a3-6a35a706bb95', '2026-05-16T15:38:39.732128+00:00', '2026-05-16T15:48:39.732128+00:00');
INSERT INTO public.report_requests (id, filters, user_id, created_at, expires_at) VALUES ('25d834a5-d120-4a54-989f-728c2ee193c7', '{"mode":"preview","type":"billing","end_date":"2026-05-31","clinic_id":"e18f78d8-e7e3-4d04-b842-63d1bc1b9e5e","patient_id":"","start_date":"2026-05-01","procedure_id":"","competence_id":"","professional_id":""}'::jsonb, '208ef83f-a5cd-4fff-97b9-bd7c2c8cebed', '2026-05-17T14:53:39.343691+00:00', '2026-05-17T15:03:39.343691+00:00');
INSERT INTO public.report_requests (id, filters, user_id, created_at, expires_at) VALUES ('7fe5d3c4-1db3-486a-a79e-f21fe6c24525', '{"mode":"preview","type":"billing","end_date":"2026-05-31","clinic_id":"","patient_id":"","start_date":"2026-05-01","procedure_id":"","competence_id":"","professional_id":""}'::jsonb, '5b54e1ed-57ea-43f3-a2a3-6a35a706bb95', '2026-05-17T14:54:51.168967+00:00', '2026-05-17T15:04:51.168967+00:00');
INSERT INTO public.report_requests (id, filters, user_id, created_at, expires_at) VALUES ('49a6a537-a7f9-4a37-8655-c0fd52863933', '{"mode":"preview","type":"consistency","end_date":"2026-05-31","clinic_id":"","patient_id":"","start_date":"2026-05-01","procedure_id":"","competence_id":"","professional_id":""}'::jsonb, '5b54e1ed-57ea-43f3-a2a3-6a35a706bb95', '2026-05-17T14:56:29.751293+00:00', '2026-05-17T15:06:29.751293+00:00');
INSERT INTO public.report_requests (id, filters, user_id, created_at, expires_at) VALUES ('ec0e10b1-ef5d-41b5-aa58-99aa62da76ae', '{"mode":"preview","type":"performance","end_date":"2026-05-31","clinic_id":"","patient_id":"","start_date":"2026-05-01","procedure_id":"","competence_id":"","professional_id":""}'::jsonb, '5b54e1ed-57ea-43f3-a2a3-6a35a706bb95', '2026-05-17T14:56:48.339031+00:00', '2026-05-17T15:06:48.339031+00:00');
INSERT INTO public.report_requests (id, filters, user_id, created_at, expires_at) VALUES ('2e640a3f-a89d-4305-8c06-13ba0eec003d', '{"mode":"preview","type":"billing","end_date":"2026-05-31","clinic_id":"","patient_id":"","start_date":"2026-05-01","procedure_id":"","competence_id":"","professional_id":""}'::jsonb, '5b54e1ed-57ea-43f3-a2a3-6a35a706bb95', '2026-05-17T14:57:11.318619+00:00', '2026-05-17T15:07:11.318619+00:00');
INSERT INTO public.report_requests (id, filters, user_id, created_at, expires_at) VALUES ('08efddf5-8905-494f-a748-31aad96230a3', '{"mode":"preview","type":"billing","end_date":"2026-05-31","clinic_id":"","patient_id":"","start_date":"2026-05-01","procedure_id":"","competence_id":"","professional_id":""}'::jsonb, '5b54e1ed-57ea-43f3-a2a3-6a35a706bb95', '2026-05-17T14:59:30.633956+00:00', '2026-05-17T15:09:30.633956+00:00');
INSERT INTO public.report_requests (id, filters, user_id, created_at, expires_at) VALUES ('00fd4a67-33b1-4ffb-9f0c-81dce40c9959', '{"mode":"preview","type":"billing","end_date":"2026-05-31","clinic_id":"","patient_id":"","start_date":"2026-05-01","procedure_id":"","competence_id":"","professional_id":""}'::jsonb, '5b54e1ed-57ea-43f3-a2a3-6a35a706bb95', '2026-05-17T15:02:24.137414+00:00', '2026-05-17T15:12:24.137414+00:00');
INSERT INTO public.report_requests (id, filters, user_id, created_at, expires_at) VALUES ('487c52d5-bfbd-4862-a6c5-5a1cd1cc9231', '{"mode":"preview","type":"billing","end_date":"2026-05-31","clinic_id":"","patient_id":"","start_date":"2026-05-01","procedure_id":"","competence_id":"","professional_id":""}'::jsonb, '5b54e1ed-57ea-43f3-a2a3-6a35a706bb95', '2026-05-17T15:02:34.527287+00:00', '2026-05-17T15:12:34.527287+00:00');
INSERT INTO public.report_requests (id, filters, user_id, created_at, expires_at) VALUES ('0833c540-a195-469d-a7e6-e8bf3ca608ef', '{"mode":"preview","type":"billing","end_date":"2026-05-31","clinic_id":"","patient_id":"","start_date":"2026-05-01","procedure_id":"","competence_id":"","professional_id":""}'::jsonb, '5b54e1ed-57ea-43f3-a2a3-6a35a706bb95', '2026-05-17T15:19:32.243131+00:00', '2026-05-17T15:29:32.243131+00:00');
INSERT INTO public.report_requests (id, filters, user_id, created_at, expires_at) VALUES ('1d1fa2da-91c3-4d55-a0d6-96e331313565', '{"mode":"preview","type":"consistency","end_date":"2026-05-31","clinic_id":"","patient_id":"","start_date":"2026-05-01","procedure_id":"","competence_id":"","professional_id":""}'::jsonb, '5b54e1ed-57ea-43f3-a2a3-6a35a706bb95', '2026-05-17T15:20:12.177101+00:00', '2026-05-17T15:30:12.177101+00:00');
INSERT INTO public.report_requests (id, filters, user_id, created_at, expires_at) VALUES ('36656cd9-c610-426a-8a3a-9af095189ee9', '{"mode":"preview","type":"performance","end_date":"2026-05-31","clinic_id":"","patient_id":"","start_date":"2026-05-01","procedure_id":"","competence_id":"","professional_id":""}'::jsonb, '5b54e1ed-57ea-43f3-a2a3-6a35a706bb95', '2026-05-17T15:20:32.466771+00:00', '2026-05-17T15:30:32.466771+00:00');
INSERT INTO public.report_requests (id, filters, user_id, created_at, expires_at) VALUES ('0cc871a2-dddf-490f-9104-f6a399f6ec90', '{"mode":"preview","type":"billing","end_date":"2026-05-31","clinic_id":"","patient_id":"","start_date":"2026-05-01","procedure_id":"","competence_id":"","professional_id":""}'::jsonb, '5b54e1ed-57ea-43f3-a2a3-6a35a706bb95', '2026-05-17T15:25:00.477082+00:00', '2026-05-17T15:35:00.477082+00:00');
INSERT INTO public.report_requests (id, filters, user_id, created_at, expires_at) VALUES ('b2f7615b-fd9f-4c87-b704-a9652d0db848', '{"mode":"preview","type":"billing","end_date":"2026-05-31","clinic_id":"","patient_id":"","start_date":"2026-05-01","procedure_id":"","competence_id":"","professional_id":""}'::jsonb, '5b54e1ed-57ea-43f3-a2a3-6a35a706bb95', '2026-05-19T04:28:08.800227+00:00', '2026-05-19T04:38:08.800227+00:00');
INSERT INTO public.report_requests (id, filters, user_id, created_at, expires_at) VALUES ('00141482-2578-407e-b9a4-800b6daaa070', '{"mode":"preview","type":"billing","end_date":"2026-05-31","clinic_id":"","patient_id":"","start_date":"2026-05-01","procedure_id":"","competence_id":"","professional_id":""}'::jsonb, '5b54e1ed-57ea-43f3-a2a3-6a35a706bb95', '2026-05-19T04:29:46.458727+00:00', '2026-05-19T04:39:46.458727+00:00');
INSERT INTO public.report_requests (id, filters, user_id, created_at, expires_at) VALUES ('94169d7e-3af2-4b80-87dc-1603707a500e', '{"mode":"preview","type":"billing","end_date":"2026-05-31","clinic_id":"","patient_id":"","start_date":"2026-05-01","procedure_id":"","competence_id":"","professional_id":""}'::jsonb, '5b54e1ed-57ea-43f3-a2a3-6a35a706bb95', '2026-05-19T21:43:13.234811+00:00', '2026-05-19T21:53:13.234811+00:00');
INSERT INTO public.report_requests (id, filters, user_id, created_at, expires_at) VALUES ('7e5fdbf1-2987-4a0d-a50a-4c478eb1fdb2', '{"mode":"preview","type":"billing","end_date":"2026-05-31","clinic_id":"","patient_id":"","start_date":"2026-05-01","procedure_id":"","competence_id":"","professional_id":""}'::jsonb, '5b54e1ed-57ea-43f3-a2a3-6a35a706bb95', '2026-05-19T21:43:45.485873+00:00', '2026-05-19T21:53:45.485873+00:00');

-- Table: public.users (6 rows)
INSERT INTO public.users (id, email, role, clinic_id, created_at, active) VALUES ('5b54e1ed-57ea-43f3-a2a3-6a35a706bb95', 'fernandomarculino@gmail.com', 'SMS_ADMIN', NULL, '2026-03-13T02:38:49.264891+00:00', true);
INSERT INTO public.users (id, email, role, clinic_id, created_at, active) VALUES ('e20eb596-46f6-4a45-a75a-2b4feae45f25', 'geizansilva22@hotmail.com', 'SMS_ADMIN', NULL, '2026-03-13T13:26:36.166906+00:00', true);
INSERT INTO public.users (id, email, role, clinic_id, created_at, active) VALUES ('a8cdbb0c-ab8d-4528-a4e2-26da70a524d3', 'nayanerebelo.enf@gmail.com', 'SMS_ADMIN', NULL, '2026-03-20T14:53:51.806361+00:00', true);
INSERT INTO public.users (id, email, role, clinic_id, created_at, active) VALUES ('932dc589-ab29-4905-9d2b-20d43be4c188', 'infanty@infanty.com.br', 'CLINIC_USER', 'e91febef-a914-40d5-a3c6-f43d35333cab', '2026-03-13T20:40:50.146389+00:00', true);
INSERT INTO public.users (id, email, role, clinic_id, created_at, active) VALUES ('208ef83f-a5cd-4fff-97b9-bd7c2c8cebed', 'comunicare@comunicare.com.br', 'CLINIC_USER', 'e18f78d8-e7e3-4d04-b842-63d1bc1b9e5e', '2026-03-13T20:40:11.207855+00:00', true);
INSERT INTO public.users (id, email, role, clinic_id, created_at, active) VALUES ('83ade187-c38d-47c3-9204-2871bd2d5b26', 'admin@sistea.mg', 'SMS_ADMIN', NULL, '2026-03-13T00:08:40.500072+00:00', true);

RESET session_replication_role;
-- End of Part 2